above_hard_one,above_nominal,budget,burden,event,family,horizon,policy,region,seed
False,0.004666666666666708,0.75,0.7546666666666667,dragon,current_only,30,deterministic,europe,20261001
True,0.014000000000000012,1.0,1.014,dragon,pcgrad,30,deterministic,europe,20261001
False,0.0009046087888524568,0.25,0.25090460878885246,baron,leagueews,30,matched_early_mixture,europe,20260930
False,0.005251141552511884,0.25,0.2552511415525119,dragon,leagueews,30,matched_early_mixture,europe,20260930
False,0.009122945430639073,0.5,0.5091229454306391,baron,leagueews,30,matched_early_mixture,europe,20260930
False,0.010502283105023769,0.5,0.5105022831050238,dragon,leagueews,30,matched_early_mixture,europe,20260930
False,0.003825010670083895,0.5,0.5038250106700839,dragon,leagueews,30,matched_early_mixture,europe,20261002
False,0.008136752136751357,0.75,0.7581367521367514,baron,leagueews,30,matched_early_mixture,europe,20260930
False,0.016339250493097368,0.75,0.7663392504930974,dragon,leagueews,30,matched_early_mixture,europe,20260930
False,0.01262608695651879,0.75,0.7626260869565188,dragon,leagueews,30,matched_early_mixture,europe,20261001
False,0.0061358024691371416,0.75,0.7561358024691371,baron,leagueews,30,matched_early_mixture,europe,20261002
False,0.020150234741787565,0.75,0.7701502347417876,dragon,leagueews,30,matched_early_mixture,europe,20261002
True,0.009029304029299912,1.0,1.0090293040293,baron,leagueews,30,matched_early_mixture,europe,20260930
True,0.02539852786541208,1.0,1.025398527865412,dragon,leagueews,30,matched_early_mixture,europe,20260930
True,0.012958843159070366,1.0,1.0129588431590704,baron,leagueews,30,matched_early_mixture,europe,20261001
True,0.0030370370370325084,1.0,1.0030370370370325,dragon,leagueews,30,matched_early_mixture,europe,20261001
True,0.010000000000003562,1.0,1.0100000000000036,baron,leagueews,30,matched_early_mixture,europe,20261002
True,0.021748226950349725,1.0,1.0217482269503497,dragon,leagueews,30,matched_early_mixture,europe,20261002
False,0.018037800687284944,0.25,0.26803780068728494,dragon,gru,30,matched_early_mixture,europe,20260930
False,0.016293750000000107,0.25,0.2662937500000001,dragon,gru,30,matched_early_mixture,europe,20261001
False,0.009988023952094971,0.25,0.25998802395209497,dragon,gru,30,matched_early_mixture,europe,20261002
False,0.034139140955839475,0.5,0.5341391409558395,dragon,gru,30,matched_early_mixture,europe,20260930
False,0.029054166666667047,0.5,0.529054166666667,dragon,gru,30,matched_early_mixture,europe,20261001
False,0.03632718327183371,0.5,0.5363271832718337,dragon,gru,30,matched_early_mixture,europe,20261002
False,0.0400375075620083,0.75,0.7900375075620083,dragon,gru,30,matched_early_mixture,europe,20260930
False,0.041814583333333766,0.75,0.7918145833333338,dragon,gru,30,matched_early_mixture,europe,20261001
False,0.05127927927927722,0.75,0.8012792792792772,dragon,gru,30,matched_early_mixture,europe,20261002
True,0.03759796437659624,1.0,1.0375979643765962,dragon,gru,30,matched_early_mixture,europe,20260930
True,0.05431683168317436,1.0,1.0543168316831744,dragon,gru,30,matched_early_mixture,europe,20261001
True,0.04621171171171201,1.0,1.046211711711712,dragon,gru,30,matched_early_mixture,europe,20261002
False,0.005857142857142894,0.25,0.2558571428571429,baron,tcn,30,matched_early_mixture,europe,20260930
False,0.003971571906353666,0.25,0.25397157190635367,dragon,tcn,30,matched_early_mixture,europe,20260930
False,0.010114519427402602,0.25,0.2601145194274026,baron,tcn,30,matched_early_mixture,europe,20261001
False,0.0013333333333340192,0.25,0.251333333333334,baron,tcn,30,matched_early_mixture,europe,20261002
False,0.00395800524934431,0.25,0.2539580052493443,dragon,tcn,30,matched_early_mixture,europe,20261002
False,0.0011372549019610378,0.5,0.501137254901961,baron,tcn,30,matched_early_mixture,europe,20260930
False,0.007943143812707332,0.5,0.5079431438127073,dragon,tcn,30,matched_early_mixture,europe,20260930
False,0.01700818713450114,0.5,0.5170081871345011,baron,tcn,30,matched_early_mixture,europe,20261001
False,0.005487179487177363,0.5,0.5054871794871774,baron,tcn,30,matched_early_mixture,europe,20261002
False,0.008551181102361638,0.5,0.5085511811023616,dragon,tcn,30,matched_early_mixture,europe,20261002
False,0.01182575757575588,0.75,0.7618257575757559,baron,tcn,30,matched_early_mixture,europe,20260930
False,0.011914715719062108,0.75,0.7619147157190621,dragon,tcn,30,matched_early_mixture,europe,20260930
False,0.016604810996566077,0.75,0.7666048109965661,baron,tcn,30,matched_early_mixture,europe,20261001
False,0.00717204301075558,0.75,0.7571720430107556,dragon,tcn,30,matched_early_mixture,europe,20261001
False,0.046546351084811866,0.75,0.7965463510848119,baron,tcn,30,matched_early_mixture,europe,20261002
False,0.013144356955382408,0.75,0.7631443569553824,dragon,tcn,30,matched_early_mixture,europe,20261002
True,0.013245714285713861,1.0,1.0132457142857139,dragon,tcn,30,matched_early_mixture,europe,20260930
True,0.023610587707492137,1.0,1.0236105877074921,baron,tcn,30,matched_early_mixture,europe,20261001
True,0.010488660676078343,1.0,1.0104886606760783,dragon,tcn,30,matched_early_mixture,europe,20261001
True,0.02319705340699474,1.0,1.0231970534069947,baron,tcn,30,matched_early_mixture,europe,20261002
True,0.016704761904760446,1.0,1.0167047619047604,dragon,tcn,30,matched_early_mixture,europe,20261002
False,0.004286604361371349,0.25,0.25428660436137135,baron,snapshot,30,matched_early_mixture,europe,20260930
False,0.005076388888888783,0.25,0.2550763888888888,dragon,snapshot,30,matched_early_mixture,europe,20260930
False,0.016428048142333507,0.25,0.2664280481423335,dragon,snapshot,30,matched_early_mixture,europe,20261001
False,0.0008613445378148343,0.25,0.25086134453781483,teamfight,snapshot,30,matched_early_mixture,europe,20261001
False,0.020479956068095995,0.25,0.270479956068096,dragon,snapshot,30,matched_early_mixture,europe,20261002
False,0.0007167919799503375,0.25,0.25071679197995034,teamfight,snapshot,30,matched_early_mixture,europe,20261002
False,0.016854700854702087,0.5,0.5168547008547021,dragon,snapshot,30,matched_early_mixture,europe,20260930
False,0.020352694924121506,0.5,0.5203526949241215,dragon,snapshot,30,matched_early_mixture,europe,20261001
False,0.02954091158704053,0.5,0.5295409115870405,dragon,snapshot,30,matched_early_mixture,europe,20261002
False,0.03415311004784505,0.75,0.784153110047845,dragon,snapshot,30,matched_early_mixture,europe,20260930
False,0.025724881414401102,0.75,0.7757248814144011,dragon,snapshot,30,matched_early_mixture,europe,20261001
False,0.038698080279233826,0.75,0.7886980802792338,dragon,snapshot,30,matched_early_mixture,europe,20261002
True,0.04453189577717942,1.0,1.0445318957771794,dragon,snapshot,30,matched_early_mixture,europe,20260930
True,0.031222940922810638,1.0,1.0312229409228106,dragon,snapshot,30,matched_early_mixture,europe,20261001
True,0.046348408710221056,1.0,1.046348408710221,dragon,snapshot,30,matched_early_mixture,europe,20261002
False,0.013584313725490405,0.25,0.2635843137254904,baron,current_only,30,matched_early_mixture,europe,20260930
False,0.013597328244275286,0.25,0.2635973282442753,dragon,current_only,30,matched_early_mixture,europe,20260930
False,0.012468292682926763,0.25,0.26246829268292676,baron,current_only,30,matched_early_mixture,europe,20261001
False,0.023142857142857243,0.25,0.27314285714285724,baron,current_only,30,matched_early_mixture,europe,20261002
False,0.012340425531914334,0.25,0.26234042553191433,dragon,current_only,30,matched_early_mixture,europe,20261002
False,0.0033591874422903567,0.5,0.5033591874422904,baron,current_only,30,matched_early_mixture,europe,20260930
False,0.027194656488550573,0.5,0.5271946564885506,dragon,current_only,30,matched_early_mixture,europe,20260930
False,0.0003237508555771207,0.5,0.5003237508555771,dragon,current_only,30,matched_early_mixture,europe,20261001
False,0.007645833333333352,0.5,0.5076458333333334,baron,current_only,30,matched_early_mixture,europe,20261002
False,0.024680851063828668,0.5,0.5246808510638287,dragon,current_only,30,matched_early_mixture,europe,20261002
False,0.005550212164072477,0.5,0.5055502121640725,teamfight,current_only,30,matched_early_mixture,europe,20261002
False,0.040095238095233965,0.75,0.790095238095234,dragon,current_only,30,matched_early_mixture,europe,20260930
False,0.008433333333333959,0.75,0.758433333333334,teamfight,current_only,30,matched_early_mixture,europe,20260930
False,0.0077672826830900155,0.75,0.75776728268309,dragon,current_only,30,matched_early_mixture,europe,20261001
False,0.0077114673242894005,0.75,0.7577114673242894,teamfight,current_only,30,matched_early_mixture,europe,20261001
False,0.03702127659574306,0.75,0.7870212765957431,dragon,current_only,30,matched_early_mixture,europe,20261002
False,0.010972503617946772,0.75,0.7609725036179468,teamfight,current_only,30,matched_early_mixture,europe,20261002
True,0.037281460134486855,1.0,1.0372814601344869,dragon,current_only,30,matched_early_mixture,europe,20260930
True,0.0032862745098043433,1.0,1.0032862745098043,teamfight,current_only,30,matched_early_mixture,europe,20260930
True,0.013066666666667892,1.0,1.013066666666668,dragon,current_only,30,matched_early_mixture,europe,20261001
True,0.00826508146191185,1.0,1.0082650814619118,teamfight,current_only,30,matched_early_mixture,europe,20261001
True,0.030548009367685536,1.0,1.0305480093676855,dragon,current_only,30,matched_early_mixture,europe,20261002
False,0.008259829059829082,0.25,0.2582598290598291,baron,independent,30,matched_early_mixture,europe,20260930
False,0.023109374999999988,0.25,0.273109375,baron,independent,30,matched_early_mixture,europe,20261001
False,0.0065950413223142546,0.25,0.25659504132231425,baron,independent,30,matched_early_mixture,europe,20261002
False,0.0020489296636073684,0.5,0.5020489296636074,baron,independent,30,matched_early_mixture,europe,20260930
False,0.01111111111111085,0.5,0.5111111111111108,dragon,independent,30,matched_early_mixture,europe,20260930
False,0.027132575757576882,0.5,0.5271325757575769,baron,independent,30,matched_early_mixture,europe,20261001
False,0.015802588996763456,0.5,0.5158025889967635,baron,independent,30,matched_early_mixture,europe,20261002
False,0.02206510969568054,0.75,0.7720651096956805,dragon,independent,30,matched_early_mixture,europe,20260930
False,0.028544871794868754,0.75,0.7785448717948688,baron,independent,30,matched_early_mixture,europe,20261001
False,0.006333333333333635,0.75,0.7563333333333336,dragon,independent,30,matched_early_mixture,europe,20261001
False,0.01779520697167758,0.75,0.7677952069716776,baron,independent,30,matched_early_mixture,europe,20261002
False,0.0035685249709631606,0.75,0.7535685249709632,dragon,independent,30,matched_early_mixture,europe,20261002
True,0.013572540693561397,1.0,1.0135725406935614,dragon,independent,30,matched_early_mixture,europe,20260930
True,0.02126770293609348,1.0,1.0212677029360935,baron,independent,30,matched_early_mixture,europe,20261001
True,0.013321463897130625,1.0,1.0133214638971306,dragon,independent,30,matched_early_mixture,europe,20261001
True,0.008440094899166084,1.0,1.008440094899166,baron,independent,30,matched_early_mixture,europe,20261002
True,0.01380371660859181,1.0,1.0138037166085918,dragon,independent,30,matched_early_mixture,europe,20261002
False,0.0013391304347825095,0.25,0.2513391304347825,baron,pcgrad,30,matched_early_mixture,europe,20261001
False,0.008495495495496108,0.25,0.2584954954954961,dragon,pcgrad,30,matched_early_mixture,europe,20261001
False,0.011316239316238985,0.25,0.261316239316239,baron,pcgrad,30,matched_early_mixture,europe,20261002
False,0.0012568306010922736,0.5,0.5012568306010923,baron,pcgrad,30,matched_early_mixture,europe,20261001
False,0.010184684684687473,0.5,0.5101846846846875,dragon,pcgrad,30,matched_early_mixture,europe,20261001
False,0.0030209339774548427,0.5,0.5030209339774548,baron,pcgrad,30,matched_early_mixture,europe,20261002
False,0.00580821917808072,0.75,0.7558082191780807,dragon,pcgrad,30,matched_early_mixture,europe,20260930
False,0.013617021276597252,0.75,0.7636170212765973,baron,pcgrad,30,matched_early_mixture,europe,20261001
False,0.01187387387387584,0.75,0.7618738738738758,dragon,pcgrad,30,matched_early_mixture,europe,20261001
False,0.005062397372741501,0.75,0.7550623973727415,dragon,pcgrad,30,matched_early_mixture,europe,20261002
True,0.007531249999999989,1.0,1.00753125,dragon,pcgrad,30,matched_early_mixture,europe,20260930
True,0.017753424657532824,1.0,1.0177534246575328,baron,pcgrad,30,matched_early_mixture,europe,20261001
True,0.017779569892474756,1.0,1.0177795698924748,dragon,pcgrad,30,matched_early_mixture,europe,20261001
True,0.004186931348225453,1.0,1.0041869313482255,dragon,pcgrad,30,matched_early_mixture,europe,20261002
False,0.0009765625,0.25,0.2509765625,baron,leagueews,60,matched_early_mixture,europe,20260930
False,0.0018401682439549982,0.25,0.251840168243955,baron,leagueews,60,matched_early_mixture,europe,20261002
False,0.0011377741001241115,0.25,0.2511377741001241,dragon,leagueews,60,matched_early_mixture,europe,20261002
False,0.001953125,0.5,0.501953125,baron,leagueews,60,matched_early_mixture,europe,20260930
False,0.0036803364879099965,0.5,0.50368033648791,baron,leagueews,60,matched_early_mixture,europe,20261002
False,0.002275548200248223,0.5,0.5022755482002482,dragon,leagueews,60,matched_early_mixture,europe,20261002
False,0.04404651162790929,0.75,0.7940465116279093,baron,leagueews,60,matched_early_mixture,europe,20260930
False,0.007543859649120077,0.75,0.7575438596491201,baron,leagueews,60,matched_early_mixture,europe,20261001
False,0.012062639821032506,0.75,0.7620626398210325,baron,leagueews,60,matched_early_mixture,europe,20261002
False,0.0034133223003742774,0.75,0.7534133223003743,dragon,leagueews,60,matched_early_mixture,europe,20261002
True,0.032834900731454786,1.0,1.0328349007314548,baron,leagueews,60,matched_early_mixture,europe,20260930
True,0.03344031531531644,1.0,1.0334403153153164,baron,leagueews,60,matched_early_mixture,europe,20261001
True,0.028002237136462993,1.0,1.028002237136463,baron,leagueews,60,matched_early_mixture,europe,20261002
True,0.004551096400496446,1.0,1.0045510964004964,dragon,leagueews,60,matched_early_mixture,europe,20261002
False,0.005569146005510506,0.25,0.2555691460055105,dragon,gru,60,matched_early_mixture,europe,20260930
False,0.00039501312335876726,0.25,0.25039501312335877,teamfight,gru,60,matched_early_mixture,europe,20260930
False,0.01520112044817773,0.25,0.26520112044817773,dragon,gru,60,matched_early_mixture,europe,20261001
False,0.007620512820512904,0.25,0.2576205128205129,teamfight,gru,60,matched_early_mixture,europe,20261001
False,0.00815481171548138,0.25,0.2581548117154814,dragon,gru,60,matched_early_mixture,europe,20261002
False,0.016728506787328623,0.5,0.5167285067873286,dragon,gru,60,matched_early_mixture,europe,20260930
False,0.03957086834733792,0.5,0.5395708683473379,dragon,gru,60,matched_early_mixture,europe,20261001
False,0.018060073260073306,0.5,0.5180600732600733,teamfight,gru,60,matched_early_mixture,europe,20261001
False,0.021745454545451848,0.5,0.5217454545454518,dragon,gru,60,matched_early_mixture,europe,20261002
False,0.028323529411764303,0.75,0.7783235294117643,dragon,gru,60,matched_early_mixture,europe,20260930
False,0.049685774946926387,0.75,0.7996857749469264,dragon,gru,60,matched_early_mixture,europe,20261001
False,0.028499633699634264,0.75,0.7784996336996343,teamfight,gru,60,matched_early_mixture,europe,20261001
False,0.041063636363629974,0.75,0.79106363636363,dragon,gru,60,matched_early_mixture,europe,20261002
True,0.03991855203619843,1.0,1.0399185520361984,dragon,gru,60,matched_early_mixture,europe,20260930
True,0.0027723749119101804,1.0,1.0027723749119102,teamfight,gru,60,matched_early_mixture,europe,20260930
True,0.04650106157112588,1.0,1.0465010615711259,dragon,gru,60,matched_early_mixture,europe,20261001
True,0.038939194139198996,1.0,1.038939194139199,teamfight,gru,60,matched_early_mixture,europe,20261001
True,0.05337333333333549,1.0,1.0533733333333355,dragon,gru,60,matched_early_mixture,europe,20261002
False,0.012814070351757745,0.25,0.26281407035175774,baron,tcn,60,matched_early_mixture,europe,20260930
False,0.008868243243241924,0.25,0.2588682432432419,baron,tcn,60,matched_early_mixture,europe,20261001
False,0.001316713483145826,0.25,0.2513167134831458,dragon,tcn,60,matched_early_mixture,europe,20261001
False,0.013374614910659444,0.25,0.26337461491065944,baron,tcn,60,matched_early_mixture,europe,20261002
False,0.02562814070351549,0.5,0.5256281407035155,baron,tcn,60,matched_early_mixture,europe,20260930
False,0.01773648648648385,0.5,0.5177364864864838,baron,tcn,60,matched_early_mixture,europe,20261001
False,0.002633426966291652,0.5,0.5026334269662917,dragon,tcn,60,matched_early_mixture,europe,20261001
False,0.026082563154652183,0.5,0.5260825631546522,baron,tcn,60,matched_early_mixture,europe,20261002
False,0.029800293685756762,0.75,0.7798002936857568,baron,tcn,60,matched_early_mixture,europe,20260930
False,0.026604729729728827,0.75,0.7766047297297288,baron,tcn,60,matched_early_mixture,europe,20261001
False,0.003950140449436423,0.75,0.7539501404494364,dragon,tcn,60,matched_early_mixture,europe,20261001
False,0.03595828988529992,0.75,0.7859582898852999,baron,tcn,60,matched_early_mixture,europe,20261002
True,0.0274294294294275,1.0,1.0274294294294275,baron,tcn,60,matched_early_mixture,europe,20260930
True,0.03057443201085208,1.0,1.030574432010852,baron,tcn,60,matched_early_mixture,europe,20261001
True,0.005266853932583304,1.0,1.0052668539325833,dragon,tcn,60,matched_early_mixture,europe,20261001
True,0.023966631908239444,1.0,1.0239666319082394,baron,tcn,60,matched_early_mixture,europe,20261002
False,0.0023421588594703113,0.25,0.2523421588594703,dragon,snapshot,60,matched_early_mixture,europe,20260930
False,0.004008438818565996,0.25,0.254008438818566,dragon,snapshot,60,matched_early_mixture,europe,20261001
False,0.007834757834759454,0.25,0.25783475783475945,baron,snapshot,60,matched_early_mixture,europe,20261002
False,0.0025154798761615194,0.25,0.2525154798761615,dragon,snapshot,60,matched_early_mixture,europe,20261002
False,0.004684317718940623,0.5,0.5046843177189406,dragon,snapshot,60,matched_early_mixture,europe,20260930
False,0.00801687763713188,0.5,0.5080168776371319,dragon,snapshot,60,matched_early_mixture,europe,20261001
False,0.011171282051280484,0.5,0.5111712820512805,baron,snapshot,60,matched_early_mixture,europe,20261002
False,0.005030959752323039,0.5,0.505030959752323,dragon,snapshot,60,matched_early_mixture,europe,20261002
False,0.0016041666666666288,0.75,0.7516041666666666,baron,snapshot,60,matched_early_mixture,europe,20260930
False,0.007026476578411933,0.75,0.7570264765784119,dragon,snapshot,60,matched_early_mixture,europe,20260930
False,0.0010435729847516617,0.75,0.7510435729847517,baron,snapshot,60,matched_early_mixture,europe,20261001
False,0.01202531645569671,0.75,0.7620253164556967,dragon,snapshot,60,matched_early_mixture,europe,20261001
False,0.007546439628483781,0.75,0.7575464396284838,dragon,snapshot,60,matched_early_mixture,europe,20261002
True,0.009368635437881245,1.0,1.0093686354378812,dragon,snapshot,60,matched_early_mixture,europe,20260930
True,0.01603375527426376,1.0,1.0160337552742638,dragon,snapshot,60,matched_early_mixture,europe,20261001
True,0.010061919504646077,1.0,1.010061919504646,dragon,snapshot,60,matched_early_mixture,europe,20261002
False,0.0032126168224297924,0.25,0.2532126168224298,baron,current_only,60,matched_early_mixture,europe,20260930
False,0.0020625271385152355,0.25,0.25206252713851524,dragon,current_only,60,matched_early_mixture,europe,20260930
False,0.00550518134715039,0.25,0.2555051813471504,baron,current_only,60,matched_early_mixture,europe,20261001
False,9.607993850990759e-05,0.25,0.2500960799385099,dragon,current_only,60,matched_early_mixture,europe,20261001
False,0.02086956521739164,0.25,0.27086956521739164,baron,current_only,60,matched_early_mixture,europe,20261002
False,0.0010029175784099231,0.25,0.2510029175784099,dragon,current_only,60,matched_early_mixture,europe,20261002
False,0.006425233644859585,0.5,0.5064252336448596,baron,current_only,60,matched_early_mixture,europe,20260930
False,0.004125054277030471,0.5,0.5041250542770305,dragon,current_only,60,matched_early_mixture,europe,20260930
False,0.01101036269430078,0.5,0.5110103626943008,baron,current_only,60,matched_early_mixture,europe,20261001
False,0.0001921598770199262,0.5,0.5001921598770199,dragon,current_only,60,matched_early_mixture,europe,20261001
False,0.019635327635328048,0.5,0.519635327635328,baron,current_only,60,matched_early_mixture,europe,20261002
False,0.0020058351568198463,0.5,0.5020058351568198,dragon,current_only,60,matched_early_mixture,europe,20261002
False,0.006187581415546761,0.75,0.7561875814155468,dragon,current_only,60,matched_early_mixture,europe,20260930
False,0.00028823981552172917,0.75,0.7502882398155217,dragon,current_only,60,matched_early_mixture,europe,20261001
False,0.0030087527352322674,0.75,0.7530087527352323,dragon,current_only,60,matched_early_mixture,europe,20261002
True,0.005181380417336179,1.0,1.0051813804173362,baron,current_only,60,matched_early_mixture,europe,20260930
True,0.008250108554060498,1.0,1.0082501085540605,dragon,current_only,60,matched_early_mixture,europe,20260930
True,0.011253003003004247,1.0,1.0112530030030042,baron,current_only,60,matched_early_mixture,europe,20261001
True,0.0003843197540398524,1.0,1.0003843197540399,dragon,current_only,60,matched_early_mixture,europe,20261001
True,0.0040116703136396925,1.0,1.0040116703136397,dragon,current_only,60,matched_early_mixture,europe,20261002
False,0.006694560669455452,0.25,0.25669456066945545,baron,independent,60,matched_early_mixture,europe,20260930
False,0.0014685556323429938,0.25,0.251468555632343,dragon,independent,60,matched_early_mixture,europe,20260930
False,0.01919642857142767,0.25,0.26919642857142767,baron,independent,60,matched_early_mixture,europe,20261001
False,0.01684836471754242,0.25,0.2668483647175424,baron,independent,60,matched_early_mixture,europe,20261002
False,0.0004582111436944314,0.25,0.25045821114369443,dragon,independent,60,matched_early_mixture,europe,20261002
False,0.013389121338910903,0.5,0.5133891213389109,baron,independent,60,matched_early_mixture,europe,20260930
False,0.0029371112646859876,0.5,0.502937111264686,dragon,independent,60,matched_early_mixture,europe,20260930
False,0.034439678284181485,0.5,0.5344396782841815,baron,independent,60,matched_early_mixture,europe,20261001
False,0.03369672943508484,0.5,0.5336967294350848,baron,independent,60,matched_early_mixture,europe,20261002
False,0.0009164222873888628,0.5,0.5009164222873889,dragon,independent,60,matched_early_mixture,europe,20261002
False,0.020083682008369297,0.75,0.7700836820083693,baron,independent,60,matched_early_mixture,europe,20260930
False,0.004405666897028815,0.75,0.7544056668970288,dragon,independent,60,matched_early_mixture,europe,20260930
False,0.045833780160855264,0.75,0.7958337801608553,baron,independent,60,matched_early_mixture,europe,20261001
False,0.047391634980985864,0.75,0.7973916349809859,baron,independent,60,matched_early_mixture,europe,20261002
False,0.0013746334310856811,0.75,0.7513746334310857,dragon,independent,60,matched_early_mixture,europe,20261002
True,0.017333333333335865,1.0,1.0173333333333359,baron,independent,60,matched_early_mixture,europe,20260930
True,0.005874222529371975,1.0,1.005874222529372,dragon,independent,60,matched_early_mixture,europe,20260930
True,0.04592835820895913,1.0,1.0459283582089591,baron,independent,60,matched_early_mixture,europe,20261001
True,0.03269538461538235,1.0,1.0326953846153824,baron,independent,60,matched_early_mixture,europe,20261002
True,0.0018328445747777256,1.0,1.0018328445747777,dragon,independent,60,matched_early_mixture,europe,20261002
False,0.0025697503671069377,0.25,0.25256975036710694,dragon,pcgrad,60,matched_early_mixture,europe,20260930
False,0.007339449541283183,0.25,0.2573394495412832,baron,pcgrad,60,matched_early_mixture,europe,20261001
False,0.0033013205282106384,0.25,0.25330132052821064,baron,pcgrad,60,matched_early_mixture,europe,20261002
False,0.0014508523757708058,0.25,0.2514508523757708,dragon,pcgrad,60,matched_early_mixture,europe,20261002
False,0.005139500734213875,0.5,0.5051395007342139,dragon,pcgrad,60,matched_early_mixture,europe,20260930
False,0.014678899082566366,0.5,0.5146788990825664,baron,pcgrad,60,matched_early_mixture,europe,20261001
False,0.006602641056421277,0.5,0.5066026410564213,baron,pcgrad,60,matched_early_mixture,europe,20261002
False,0.0029017047515416117,0.5,0.5029017047515416,dragon,pcgrad,60,matched_early_mixture,europe,20261002
False,0.016122807017545537,0.75,0.7661228070175455,baron,pcgrad,60,matched_early_mixture,europe,20260930
False,0.007709251101321257,0.75,0.7577092511013213,dragon,pcgrad,60,matched_early_mixture,europe,20260930
False,0.02231703204047364,0.75,0.7723170320404736,baron,pcgrad,60,matched_early_mixture,europe,20261001
False,0.004180836707150193,0.75,0.7541808367071502,baron,pcgrad,60,matched_early_mixture,europe,20261002
False,0.004352557127311196,0.75,0.7543525571273112,dragon,pcgrad,60,matched_early_mixture,europe,20261002
True,0.029408730158728913,1.0,1.029408730158729,baron,pcgrad,60,matched_early_mixture,europe,20260930
True,0.01027900146842775,1.0,1.0102790014684278,dragon,pcgrad,60,matched_early_mixture,europe,20260930
True,0.032856661045529645,1.0,1.0328566610455296,baron,pcgrad,60,matched_early_mixture,europe,20261001
True,0.00013225371120118012,1.0,1.0001322537112012,baron,pcgrad,60,matched_early_mixture,europe,20261002
True,0.005803409503083223,1.0,1.0058034095030832,dragon,pcgrad,60,matched_early_mixture,europe,20261002
False,0.030000000000000027,0.5,0.53,baron,leagueews,30,deterministic,americas,20261002
False,0.018000000000000016,0.75,0.768,baron,leagueews,30,deterministic,americas,20260930
True,0.011333333333333417,1.0,1.0113333333333334,baron,leagueews,30,deterministic,americas,20261001
True,0.01200000000000001,1.0,1.012,baron,gru,30,deterministic,americas,20261001
False,0.036666666666666625,0.5,0.5366666666666666,baron,tcn,30,deterministic,americas,20260930
False,0.002666666666666706,0.5,0.5026666666666667,baron,tcn,30,deterministic,americas,20261002
False,0.06266666666666665,0.75,0.8126666666666666,baron,tcn,30,deterministic,americas,20260930
False,0.028000000000000025,0.75,0.778,baron,tcn,30,deterministic,americas,20261002
True,0.020000000000000018,1.0,1.02,baron,tcn,30,deterministic,americas,20260930
True,0.026000000000000023,1.0,1.026,baron,tcn,30,deterministic,americas,20261001
True,0.0040000000000000036,1.0,1.004,baron,tcn,30,deterministic,americas,20261002
False,0.003333333333333355,0.25,0.25333333333333335,teamfight,snapshot,30,deterministic,americas,20261001
False,0.008000000000000007,0.5,0.508,baron,snapshot,30,deterministic,americas,20260930
False,0.026666666666666616,0.5,0.5266666666666666,teamfight,snapshot,30,deterministic,americas,20260930
False,0.026666666666666616,0.5,0.5266666666666666,teamfight,snapshot,30,deterministic,americas,20261002
False,0.0033333333333332993,0.75,0.7533333333333333,baron,snapshot,30,deterministic,americas,20260930
True,0.03200000000000003,1.0,1.032,baron,snapshot,30,deterministic,americas,20260930
False,0.033999999999999975,0.25,0.284,teamfight,current_only,30,deterministic,americas,20260930
False,0.0020000000000000018,0.5,0.502,teamfight,current_only,30,deterministic,americas,20260930
False,0.00666666666666671,0.5,0.5066666666666667,teamfight,current_only,30,deterministic,americas,20261002
False,0.028666666666666618,0.75,0.7786666666666666,baron,current_only,30,deterministic,americas,20260930
False,0.009333333333333305,0.75,0.7593333333333333,baron,current_only,30,deterministic,americas,20261002
True,0.011333333333333417,1.0,1.0113333333333334,baron,current_only,30,deterministic,americas,20260930
False,0.0033333333333332993,0.5,0.5033333333333333,dragon,independent,30,deterministic,americas,20261002
True,0.008000000000000007,1.0,1.008,baron,independent,30,deterministic,americas,20260930
False,0.008000000000000007,0.75,0.758,baron,pcgrad,30,deterministic,americas,20261001
False,0.024666666666666615,0.75,0.7746666666666666,baron,pcgrad,30,deterministic,americas,20261002
False,0.00142126789366126,0.25,0.25142126789366126,baron,leagueews,30,matched_early_mixture,americas,20260930
False,0.0161064425770307,0.25,0.2661064425770307,dragon,leagueews,30,matched_early_mixture,americas,20260930
False,0.03002621995629884,0.25,0.28002621995629884,teamfight,leagueews,30,matched_early_mixture,americas,20260930
False,0.03052325581395482,0.25,0.2805232558139548,dragon,leagueews,30,matched_early_mixture,americas,20261001
False,0.008599502487562638,0.25,0.25859950248756264,teamfight,leagueews,30,matched_early_mixture,americas,20261001
False,0.003003745318352513,0.25,0.2530037453183525,baron,leagueews,30,matched_early_mixture,americas,20261002
False,0.03648068669527965,0.25,0.28648068669527965,dragon,leagueews,30,matched_early_mixture,americas,20261002
False,0.016914728682171698,0.5,0.5169147286821717,baron,leagueews,30,matched_early_mixture,americas,20260930
False,0.031162241887908393,0.5,0.5311622418879084,dragon,leagueews,30,matched_early_mixture,americas,20260930
False,0.04076911871813471,0.5,0.5407691187181347,teamfight,leagueews,30,matched_early_mixture,americas,20260930
False,0.006415458937199858,0.5,0.5064154589371999,baron,leagueews,30,matched_early_mixture,americas,20261001
False,0.025476635514019574,0.5,0.5254766355140196,dragon,leagueews,30,matched_early_mixture,americas,20261001
False,0.013885572139304081,0.5,0.5138855721393041,teamfight,leagueews,30,matched_early_mixture,americas,20261001
False,0.041258741258742404,0.5,0.5412587412587424,baron,leagueews,30,matched_early_mixture,americas,20261002
False,0.02337457044673541,0.5,0.5233745704467354,dragon,leagueews,30,matched_early_mixture,americas,20261002
False,0.019975308641973277,0.75,0.7699753086419733,baron,leagueews,30,matched_early_mixture,americas,20260930
False,0.03424242424242763,0.75,0.7842424242424276,dragon,leagueews,30,matched_early_mixture,americas,20260930
False,0.05151201747997236,0.75,0.8015120174799724,teamfight,leagueews,30,matched_early_mixture,americas,20260930
False,0.01693291404611863,0.75,0.7669329140461186,baron,leagueews,30,matched_early_mixture,americas,20261001
False,0.01256463169962485,0.75,0.7625646316996249,dragon,leagueews,30,matched_early_mixture,americas,20261001
False,0.019171641791044025,0.75,0.769171641791044,teamfight,leagueews,30,matched_early_mixture,americas,20261001
False,0.04156003842458966,0.75,0.7915600384245897,baron,leagueews,30,matched_early_mixture,americas,20261002
False,0.030427004219411136,0.75,0.7804270042194111,dragon,leagueews,30,matched_early_mixture,americas,20261002
True,0.032839895013122344,1.0,1.0328398950131223,baron,leagueews,30,matched_early_mixture,americas,20260930
True,0.02771584699453178,1.0,1.0277158469945318,dragon,leagueews,30,matched_early_mixture,americas,20260930
True,0.06225491624180446,1.0,1.0622549162418045,teamfight,leagueews,30,matched_early_mixture,americas,20260930
True,0.01818238993710186,1.0,1.0181823899371019,baron,leagueews,30,matched_early_mixture,americas,20261001
True,0.0037512181140710865,1.0,1.003751218114071,dragon,leagueews,30,matched_early_mixture,americas,20261001
True,0.024457711442790853,1.0,1.0244577114427909,teamfight,leagueews,30,matched_early_mixture,americas,20261001
True,0.045872146118716595,1.0,1.0458721461187166,baron,leagueews,30,matched_early_mixture,americas,20261002
True,0.029807760141085993,1.0,1.029807760141086,dragon,leagueews,30,matched_early_mixture,americas,20261002
True,0.022330567081603192,1.0,1.0223305670816032,teamfight,leagueews,30,matched_early_mixture,americas,20261002
False,0.00028058361391702924,0.25,0.25028058361391703,teamfight,gru,30,matched_early_mixture,americas,20260930
False,0.009176245210727851,0.25,0.25917624521072785,baron,gru,30,matched_early_mixture,americas,20261001
False,0.001289609432573502,0.25,0.2512896094325735,dragon,gru,30,matched_early_mixture,americas,20261001
False,0.011513560804899903,0.25,0.2615135608048999,baron,gru,30,matched_early_mixture,americas,20261002
False,0.004119886593763611,0.5,0.5041198865937636,baron,gru,30,matched_early_mixture,americas,20260930
False,0.0005611672278341695,0.5,0.5005611672278342,teamfight,gru,30,matched_early_mixture,americas,20260930
False,0.016395061728394,0.5,0.516395061728394,baron,gru,30,matched_early_mixture,americas,20261001
False,0.002579218865147004,0.5,0.502579218865147,dragon,gru,30,matched_early_mixture,americas,20261001
False,0.020328303612254794,0.5,0.5203283036122548,baron,gru,30,matched_early_mixture,americas,20261002
False,0.0025513033832501586,0.5,0.5025513033832502,dragon,gru,30,matched_early_mixture,americas,20261002
False,0.020219522073717577,0.75,0.7702195220737176,baron,gru,30,matched_early_mixture,americas,20260930
False,0.029166666666662455,0.75,0.7791666666666625,dragon,gru,30,matched_early_mixture,americas,20260930
False,0.008854511970535328,0.75,0.7588545119705353,teamfight,gru,30,matched_early_mixture,americas,20260930
False,0.03405479452054472,0.75,0.7840547945205447,baron,gru,30,matched_early_mixture,americas,20261001
False,0.0038688282977155097,0.75,0.7538688282977155,dragon,gru,30,matched_early_mixture,americas,20261001
False,0.04056149977137802,0.75,0.790561499771378,baron,gru,30,matched_early_mixture,americas,20261002
False,0.020155251141549924,0.75,0.7701552511415499,dragon,gru,30,matched_early_mixture,americas,20261002
True,0.04437637281092499,1.0,1.044376372810925,baron,gru,30,matched_early_mixture,americas,20260930
True,0.040666666666664186,1.0,1.0406666666666642,dragon,gru,30,matched_early_mixture,americas,20260930
True,0.021976058931856723,1.0,1.0219760589318567,teamfight,gru,30,matched_early_mixture,americas,20260930
True,0.043757990867574925,1.0,1.043757990867575,baron,gru,30,matched_early_mixture,americas,20261001
True,0.010439716312055758,1.0,1.0104397163120558,dragon,gru,30,matched_early_mixture,americas,20261001
True,0.05350063492063639,1.0,1.0535006349206364,baron,gru,30,matched_early_mixture,americas,20261002
True,0.00988127853881604,1.0,1.009881278538816,dragon,gru,30,matched_early_mixture,americas,20261002
False,0.016160919540230856,0.25,0.26616091954023086,baron,tcn,30,matched_early_mixture,americas,20260930
False,0.01468750000000002,0.25,0.2646875,dragon,tcn,30,matched_early_mixture,americas,20260930
False,0.010229276895943495,0.25,0.2602292768959435,teamfight,tcn,30,matched_early_mixture,americas,20260930
False,0.015120772946860594,0.25,0.2651207729468606,baron,tcn,30,matched_early_mixture,americas,20261001
False,0.021545319465082424,0.25,0.2715453194650824,dragon,tcn,30,matched_early_mixture,americas,20261001
False,0.005664264745129488,0.25,0.2556642647451295,teamfight,tcn,30,matched_early_mixture,americas,20261001
False,0.017166666666666497,0.25,0.2671666666666665,baron,tcn,30,matched_early_mixture,americas,20261002
False,0.018808777429467072,0.25,0.26880877742946707,dragon,tcn,30,matched_early_mixture,americas,20261002
False,0.0015873015873026364,0.25,0.25158730158730264,teamfight,tcn,30,matched_early_mixture,americas,20261002
False,0.03969132420091248,0.5,0.5396913242009125,baron,tcn,30,matched_early_mixture,americas,20260930
False,0.02937500000000004,0.5,0.529375,dragon,tcn,30,matched_early_mixture,americas,20260930
False,0.016793113683585603,0.5,0.5167931136835856,teamfight,tcn,30,matched_early_mixture,americas,20260930
False,0.019005398110661598,0.5,0.5190053981106616,baron,tcn,30,matched_early_mixture,americas,20261001
False,0.03695283518812509,0.5,0.5369528351881251,dragon,tcn,30,matched_early_mixture,americas,20261001
False,0.00886682679476869,0.5,0.5088668267947687,teamfight,tcn,30,matched_early_mixture,americas,20261001
False,0.03253333333333208,0.5,0.5325333333333321,baron,tcn,30,matched_early_mixture,americas,20261002
False,0.0345212121212094,0.5,0.5345212121212094,dragon,tcn,30,matched_early_mixture,americas,20261002
False,0.0018518518518529925,0.5,0.501851851851853,teamfight,tcn,30,matched_early_mixture,americas,20261002
False,0.07170924195223571,0.75,0.8217092419522357,baron,tcn,30,matched_early_mixture,americas,20260930
False,0.019484375000000553,0.75,0.7694843750000006,dragon,tcn,30,matched_early_mixture,americas,20260930
False,0.023471653309587337,0.75,0.7734716533095873,teamfight,tcn,30,matched_early_mixture,americas,20260930
False,0.017487179487175708,0.75,0.7674871794871757,baron,tcn,30,matched_early_mixture,americas,20261001
False,0.0286062533121334,0.75,0.7786062533121334,dragon,tcn,30,matched_early_mixture,americas,20261001
False,0.012069388844410223,0.75,0.7620693888444102,teamfight,tcn,30,matched_early_mixture,americas,20261001
False,0.055993957703925346,0.75,0.8059939577039253,baron,tcn,30,matched_early_mixture,americas,20261002
False,0.03858176100629185,0.75,0.7885817610062918,dragon,tcn,30,matched_early_mixture,americas,20261002
False,0.008276894293731907,0.75,0.7582768942937319,teamfight,tcn,30,matched_early_mixture,americas,20261002
True,0.0635438596491249,1.0,1.063543859649125,baron,tcn,30,matched_early_mixture,americas,20260930
True,0.02331440588854128,1.0,1.0233144058885413,dragon,tcn,30,matched_early_mixture,americas,20260930
True,0.030150192935589848,1.0,1.0301501929355898,teamfight,tcn,30,matched_early_mixture,americas,20260930
True,0.0382088353413681,1.0,1.038208835341368,baron,tcn,30,matched_early_mixture,americas,20261001
True,0.021218905472637495,1.0,1.0212189054726375,dragon,tcn,30,matched_early_mixture,americas,20261001
True,0.020780839895010006,1.0,1.02078083989501,teamfight,tcn,30,matched_early_mixture,americas,20261001
True,0.06409157509157759,1.0,1.0640915750915776,baron,tcn,30,matched_early_mixture,americas,20261002
True,0.030695075757572576,1.0,1.0306950757575726,dragon,tcn,30,matched_early_mixture,americas,20261002
True,0.02254256314312464,1.0,1.0225425631431246,teamfight,tcn,30,matched_early_mixture,americas,20261002
False,0.021484848484847607,0.25,0.2714848484848476,baron,snapshot,30,matched_early_mixture,americas,20260930
False,0.01716247139588095,0.25,0.26716247139588095,dragon,snapshot,30,matched_early_mixture,americas,20260930
False,0.030074391988555715,0.25,0.2800743919885557,teamfight,snapshot,30,matched_early_mixture,americas,20260930
False,0.0019999999999994467,0.25,0.25199999999999945,baron,snapshot,30,matched_early_mixture,americas,20261001
False,0.004844144903117242,0.25,0.25484414490311724,dragon,snapshot,30,matched_early_mixture,americas,20261001
False,0.04282897753324222,0.25,0.2928289775332422,teamfight,snapshot,30,matched_early_mixture,americas,20261001
False,0.008725663716813326,0.25,0.2587256637168133,baron,snapshot,30,matched_early_mixture,americas,20261002
False,0.029951100244499207,0.25,0.2799511002444992,dragon,snapshot,30,matched_early_mixture,americas,20261002
False,0.03500000000000025,0.25,0.28500000000000025,teamfight,snapshot,30,matched_early_mixture,americas,20261002
False,0.04395402298850448,0.5,0.5439540229885045,baron,snapshot,30,matched_early_mixture,americas,20260930
False,0.03259667541557465,0.5,0.5325966754155746,dragon,snapshot,30,matched_early_mixture,americas,20260930
False,0.048065573770491365,0.5,0.5480655737704914,teamfight,snapshot,30,matched_early_mixture,americas,20260930
False,0.020737338044757636,0.5,0.5207373380447576,baron,snapshot,30,matched_early_mixture,americas,20261001
False,0.009688289806234485,0.5,0.5096882898062345,dragon,snapshot,30,matched_early_mixture,americas,20261001
False,0.04386061439706468,0.5,0.5438606143970647,teamfight,snapshot,30,matched_early_mixture,americas,20261001
False,0.021439999999998904,0.5,0.5214399999999989,baron,snapshot,30,matched_early_mixture,americas,20261002
False,0.03296777041942467,0.5,0.5329677704194247,dragon,snapshot,30,matched_early_mixture,americas,20261002
False,0.04529824561403395,0.5,0.545298245614034,teamfight,snapshot,30,matched_early_mixture,americas,20261002
False,0.05237254901960586,0.75,0.8023725490196059,baron,snapshot,30,matched_early_mixture,americas,20260930
False,0.028075650118200457,0.75,0.7780756501182005,dragon,snapshot,30,matched_early_mixture,americas,20260930
False,0.041234972677596904,0.75,0.7912349726775969,teamfight,snapshot,30,matched_early_mixture,americas,20260930
False,0.0541470085470116,0.75,0.8041470085470116,baron,snapshot,30,matched_early_mixture,americas,20261001
False,0.014532434709354392,0.75,0.7645324347093544,dragon,snapshot,30,matched_early_mixture,americas,20261001
False,0.045222222222223385,0.75,0.7952222222222234,teamfight,snapshot,30,matched_early_mixture,americas,20261001
False,0.04575728155339809,0.75,0.7957572815533981,baron,snapshot,30,matched_early_mixture,americas,20261002
False,0.033298896247238696,0.75,0.7832988962472387,dragon,snapshot,30,matched_early_mixture,americas,20261002
False,0.036223835450692854,0.75,0.7862238354506929,teamfight,snapshot,30,matched_early_mixture,americas,20261002
True,0.0397564102564083,1.0,1.0397564102564083,baron,snapshot,30,matched_early_mixture,americas,20260930
True,0.013241830065361171,1.0,1.0132418300653612,dragon,snapshot,30,matched_early_mixture,americas,20260930
True,0.03440437158469378,1.0,1.0344043715846938,teamfight,snapshot,30,matched_early_mixture,americas,20260930
True,0.06469616519173882,1.0,1.0646961651917388,baron,snapshot,30,matched_early_mixture,americas,20261001
True,0.007983665135277374,1.0,1.0079836651352774,dragon,snapshot,30,matched_early_mixture,americas,20261001
True,0.04776287262872758,1.0,1.0477628726287276,teamfight,snapshot,30,matched_early_mixture,americas,20261001
True,0.05488400488400802,1.0,1.054884004884008,baron,snapshot,30,matched_early_mixture,americas,20261002
True,0.022602794411172633,1.0,1.0226027944111726,dragon,snapshot,30,matched_early_mixture,americas,20261002
True,0.02714942528735831,1.0,1.0271494252873583,teamfight,snapshot,30,matched_early_mixture,americas,20261002
False,0.006341158059468555,0.25,0.25634115805946855,baron,current_only,30,matched_early_mixture,americas,20260930
False,0.01450892857142888,0.25,0.2645089285714289,dragon,current_only,30,matched_early_mixture,americas,20260930
False,0.04300203998368057,0.25,0.2930020399836806,teamfight,current_only,30,matched_early_mixture,americas,20260930
False,0.007750915750915077,0.25,0.2577509157509151,baron,current_only,30,matched_early_mixture,americas,20261001
False,0.007123473541384873,0.25,0.2571234735413849,dragon,current_only,30,matched_early_mixture,americas,20261001
False,0.030574985851725967,0.25,0.28057498585172597,teamfight,current_only,30,matched_early_mixture,americas,20261001
False,0.013203252032519208,0.25,0.2632032520325192,baron,current_only,30,matched_early_mixture,americas,20261002
False,0.011955983493810107,0.25,0.2619559834938101,dragon,current_only,30,matched_early_mixture,americas,20261002
False,0.02951209253417514,0.25,0.27951209253417514,teamfight,current_only,30,matched_early_mixture,americas,20261002
False,0.019545893719807528,0.5,0.5195458937198075,baron,current_only,30,matched_early_mixture,americas,20260930
False,0.024127423822712157,0.5,0.5241274238227122,dragon,current_only,30,matched_early_mixture,americas,20260930
False,0.03412811097511104,0.5,0.534128110975111,teamfight,current_only,30,matched_early_mixture,americas,20260930
False,0.017733333333334045,0.5,0.517733333333334,baron,current_only,30,matched_early_mixture,americas,20261001
False,0.01425870646766414,0.5,0.5142587064676641,dragon,current_only,30,matched_early_mixture,americas,20261001
False,0.02548160724391646,0.5,0.5254816072439165,teamfight,current_only,30,matched_early_mixture,americas,20261001
False,0.03361382909328037,0.5,0.5336138290932804,baron,current_only,30,matched_early_mixture,americas,20261002
False,0.023303988995873604,0.5,0.5233039889958736,dragon,current_only,30,matched_early_mixture,americas,20261002
False,0.036721412803530806,0.5,0.5367214128035308,teamfight,current_only,30,matched_early_mixture,americas,20261002
False,0.03675603864734256,0.75,0.7867560386473426,baron,current_only,30,matched_early_mixture,americas,20260930
False,0.025586136595310727,0.75,0.7755861365953107,dragon,current_only,30,matched_early_mixture,americas,20260930
False,0.025254181966545386,0.75,0.7752541819665454,teamfight,current_only,30,matched_early_mixture,americas,20260930
False,0.029351598173513294,0.75,0.7793515981735133,baron,current_only,30,matched_early_mixture,americas,20261001
False,0.01970127504554131,0.75,0.7697012750455413,dragon,current_only,30,matched_early_mixture,americas,20261001
False,0.026626231207881434,0.75,0.7766262312078814,teamfight,current_only,30,matched_early_mixture,americas,20261001
False,0.049119769119770784,0.75,0.7991197691197708,baron,current_only,30,matched_early_mixture,americas,20261002
False,0.025192714951287942,0.75,0.7751927149512879,dragon,current_only,30,matched_early_mixture,americas,20261002
False,0.04400618101545006,0.75,0.7940061810154501,teamfight,current_only,30,matched_early_mixture,americas,20261002
True,0.05396618357487659,1.0,1.0539661835748766,baron,current_only,30,matched_early_mixture,americas,20260930
True,0.03881337648327654,1.0,1.0388133764832765,dragon,current_only,30,matched_early_mixture,americas,20260930
True,0.027782672540381803,1.0,1.0277826725403818,teamfight,current_only,30,matched_early_mixture,americas,20260930
True,0.029092198581560202,1.0,1.0290921985815602,baron,current_only,30,matched_early_mixture,americas,20261001
True,0.015593971631209236,1.0,1.0155939716312092,dragon,current_only,30,matched_early_mixture,americas,20261001
True,0.02895904613789546,1.0,1.0289590461378955,teamfight,current_only,30,matched_early_mixture,americas,20261001
True,0.05114754098360663,1.0,1.0511475409836066,baron,current_only,30,matched_early_mixture,americas,20261002
True,0.026463362981787864,1.0,1.0264633629817879,dragon,current_only,30,matched_early_mixture,americas,20261002
True,0.03610129709697252,1.0,1.0361012970969725,teamfight,current_only,30,matched_early_mixture,americas,20261002
False,0.01559405940594183,0.25,0.26559405940594183,dragon,independent,30,matched_early_mixture,americas,20260930
False,0.011563792233990178,0.25,0.2615637922339902,teamfight,independent,30,matched_early_mixture,americas,20260930
False,0.021244550138724116,0.25,0.2712445501387241,dragon,independent,30,matched_early_mixture,americas,20261001
False,0.005492676431424648,0.25,0.25549267643142465,teamfight,independent,30,matched_early_mixture,americas,20261001
False,0.015340823970037887,0.25,0.2653408239700379,dragon,independent,30,matched_early_mixture,americas,20261002
False,0.005879586077139343,0.25,0.25587958607713934,teamfight,independent,30,matched_early_mixture,americas,20261002
False,0.03118811881188366,0.5,0.5311881188118837,dragon,independent,30,matched_early_mixture,americas,20260930
False,0.021586485123550214,0.5,0.5215864851235502,teamfight,independent,30,matched_early_mixture,americas,20260930
False,0.03997225525168702,0.5,0.539972255251687,dragon,independent,30,matched_early_mixture,americas,20261001
False,0.010985352862849296,0.5,0.5109853528628493,teamfight,independent,30,matched_early_mixture,americas,20261001
False,0.02793508771929476,0.5,0.5279350877192948,dragon,independent,30,matched_early_mixture,americas,20261002
False,0.011759172154278685,0.5,0.5117591721542787,teamfight,independent,30,matched_early_mixture,americas,20261002
False,0.0019592875318064085,0.75,0.7519592875318064,baron,independent,30,matched_early_mixture,americas,20260930
False,0.039309941520463965,0.75,0.789309941520464,dragon,independent,30,matched_early_mixture,americas,20260930
False,0.031609178013112915,0.75,0.7816091780131129,teamfight,independent,30,matched_early_mixture,americas,20260930
False,0.005461697722569658,0.75,0.7554616977225697,baron,independent,30,matched_early_mixture,americas,20261001
False,0.035698581560284715,0.75,0.7856985815602847,dragon,independent,30,matched_early_mixture,americas,20261001
False,0.01647802929427411,0.75,0.7664780292942741,teamfight,independent,30,matched_early_mixture,americas,20261001
False,0.028018106995883474,0.75,0.7780181069958835,dragon,independent,30,matched_early_mixture,americas,20261002
False,0.019102661596960946,0.75,0.769102661596961,teamfight,independent,30,matched_early_mixture,americas,20261002
True,0.01889675516223721,1.0,1.0188967551622372,baron,independent,30,matched_early_mixture,americas,20260930
True,0.031600000000000295,1.0,1.0316000000000003,dragon,independent,30,matched_early_mixture,americas,20260930
True,0.042135338345863804,1.0,1.0421353383458638,teamfight,independent,30,matched_early_mixture,americas,20260930
True,0.03199999999999914,1.0,1.0319999999999991,baron,independent,30,matched_early_mixture,americas,20261001
True,0.029957426221571604,1.0,1.0299574262215716,dragon,independent,30,matched_early_mixture,americas,20261001
True,0.02197070572569859,1.0,1.0219707057256986,teamfight,independent,30,matched_early_mixture,americas,20261001
True,0.0359042735042685,1.0,1.0359042735042685,dragon,independent,30,matched_early_mixture,americas,20261002
True,0.03383650190113596,1.0,1.033836501901136,teamfight,independent,30,matched_early_mixture,americas,20261002
False,0.0002793914246203011,0.25,0.2502793914246203,baron,pcgrad,30,matched_early_mixture,americas,20260930
False,0.024217585692994648,0.25,0.27421758569299465,dragon,pcgrad,30,matched_early_mixture,americas,20260930
False,0.026822793606671336,0.25,0.27682279360667134,teamfight,pcgrad,30,matched_early_mixture,americas,20260930
False,0.0024404761904769923,0.25,0.252440476190477,baron,pcgrad,30,matched_early_mixture,americas,20261001
False,0.008469259723966671,0.25,0.25846925972396667,dragon,pcgrad,30,matched_early_mixture,americas,20261001
False,0.017291925465839464,0.25,0.26729192546583946,baron,pcgrad,30,matched_early_mixture,americas,20261002
False,0.005283648498331073,0.25,0.2552836484983311,dragon,pcgrad,30,matched_early_mixture,americas,20261002
False,0.008138253382534044,0.25,0.25813825338253404,teamfight,pcgrad,30,matched_early_mixture,americas,20261002
False,0.013333333333332975,0.5,0.513333333333333,baron,pcgrad,30,matched_early_mixture,americas,20260930
False,0.04333333333333089,0.5,0.5433333333333309,dragon,pcgrad,30,matched_early_mixture,americas,20260930
False,0.03881028492008176,0.5,0.5388102849200818,teamfight,pcgrad,30,matched_early_mixture,americas,20260930
False,0.005960264900661372,0.5,0.5059602649006614,baron,pcgrad,30,matched_early_mixture,americas,20261001
False,0.016938519447933342,0.5,0.5169385194479333,dragon,pcgrad,30,matched_early_mixture,americas,20261001
False,0.03450900900900844,0.5,0.5345090090090084,baron,pcgrad,30,matched_early_mixture,americas,20261002
False,0.010567296996662146,0.5,0.5105672969966621,dragon,pcgrad,30,matched_early_mixture,americas,20261002
False,0.014226814268140764,0.5,0.5142268142681408,teamfight,pcgrad,30,matched_early_mixture,americas,20261002
False,0.03640958605664579,0.75,0.7864095860566458,baron,pcgrad,30,matched_early_mixture,americas,20260930
False,0.03858407079646031,0.75,0.7885840707964603,dragon,pcgrad,30,matched_early_mixture,americas,20260930
False,0.05079777623349657,0.75,0.8007977762334966,teamfight,pcgrad,30,matched_early_mixture,americas,20260930
False,0.016487179487177595,0.75,0.7664871794871776,baron,pcgrad,30,matched_early_mixture,americas,20261001
False,0.010798403193607253,0.75,0.7607984031936073,dragon,pcgrad,30,matched_early_mixture,americas,20261001
False,0.030000000000000582,0.75,0.7800000000000006,baron,pcgrad,30,matched_early_mixture,americas,20261002
False,0.01575726495726215,0.75,0.7657572649572622,dragon,pcgrad,30,matched_early_mixture,americas,20261002
False,0.02031537515375459,0.75,0.7703153751537546,teamfight,pcgrad,30,matched_early_mixture,americas,20261002
True,0.04084924623115338,1.0,1.0408492462311534,baron,pcgrad,30,matched_early_mixture,americas,20260930
True,0.023097345132743197,1.0,1.0230973451327432,dragon,pcgrad,30,matched_early_mixture,americas,20260930
True,0.06278526754690827,1.0,1.0627852675469083,teamfight,pcgrad,30,matched_early_mixture,americas,20260930
True,0.0533654618473931,1.0,1.053365461847393,baron,pcgrad,30,matched_early_mixture,americas,20261001
True,0.007456702253858083,1.0,1.007456702253858,dragon,pcgrad,30,matched_early_mixture,americas,20261001
True,0.03270220588234718,1.0,1.0327022058823472,baron,pcgrad,30,matched_early_mixture,americas,20261002
True,0.014187895212288248,1.0,1.0141878952122882,dragon,pcgrad,30,matched_early_mixture,americas,20261002
True,0.026552768361576717,1.0,1.0265527683615767,teamfight,pcgrad,30,matched_early_mixture,americas,20261002
False,0.03533333333333333,0.5,0.5353333333333333,baron,leagueews,60,deterministic,americas,20261002
True,0.0040000000000000036,1.0,1.004,baron,gru,60,deterministic,americas,20261001
False,0.004666666666666708,0.5,0.5046666666666667,baron,tcn,60,deterministic,americas,20261002
True,0.03400000000000003,1.0,1.034,baron,tcn,60,deterministic,americas,20261002
False,0.001333333333333353,0.25,0.25133333333333335,baron,snapshot,60,deterministic,americas,20260930
False,0.029333333333333322,0.5,0.5293333333333333,teamfight,snapshot,60,deterministic,americas,20261001
False,0.046666666666666634,0.5,0.5466666666666666,dragon,snapshot,60,deterministic,americas,20261002
False,0.01666666666666672,0.75,0.7666666666666667,baron,snapshot,60,deterministic,americas,20261001
False,0.016000000000000014,0.75,0.766,baron,current_only,60,deterministic,americas,20261001
True,0.019333333333333425,1.0,1.0193333333333334,baron,current_only,60,deterministic,americas,20260930
False,0.013333333333333308,0.25,0.2633333333333333,baron,pcgrad,60,deterministic,americas,20261002
False,0.0040000000000000036,0.75,0.754,baron,pcgrad,60,deterministic,americas,20261002
True,0.002666666666666595,1.0,1.0026666666666666,baron,pcgrad,60,deterministic,americas,20261001
False,0.009135200974421387,0.25,0.2591352009744214,baron,leagueews,60,matched_early_mixture,americas,20260930
False,0.003231017770597311,0.25,0.2532310177705973,dragon,leagueews,60,matched_early_mixture,americas,20260930
False,0.009916492693110679,0.25,0.2599164926931107,teamfight,leagueews,60,matched_early_mixture,americas,20260930
False,0.006410256410255111,0.25,0.2564102564102551,baron,leagueews,60,matched_early_mixture,americas,20261001
False,0.0013069454817029036,0.25,0.2513069454817029,dragon,leagueews,60,matched_early_mixture,americas,20261001
False,0.00741525423728695,0.25,0.25741525423728695,teamfight,leagueews,60,matched_early_mixture,americas,20261001
False,0.021283783783782984,0.25,0.271283783783783,baron,leagueews,60,matched_early_mixture,americas,20261002
False,0.003966885132804854,0.25,0.25396688513280485,teamfight,leagueews,60,matched_early_mixture,americas,20261002
False,0.018270401948842774,0.5,0.5182704019488428,baron,leagueews,60,matched_early_mixture,americas,20260930
False,0.006462035541194622,0.5,0.5064620355411946,dragon,leagueews,60,matched_early_mixture,americas,20260930
False,0.01983298538622158,0.5,0.5198329853862216,teamfight,leagueews,60,matched_early_mixture,americas,20260930
False,0.012820512820510221,0.5,0.5128205128205102,baron,leagueews,60,matched_early_mixture,americas,20261001
False,0.002613890963405585,0.5,0.5026138909634056,dragon,leagueews,60,matched_early_mixture,americas,20261001
False,0.0148305084745739,0.5,0.5148305084745739,teamfight,leagueews,60,matched_early_mixture,americas,20261001
False,0.04150062421972511,0.5,0.5415006242197251,baron,leagueews,60,matched_early_mixture,americas,20261002
False,0.007933770265609708,0.5,0.5079337702656097,teamfight,leagueews,60,matched_early_mixture,americas,20261002
False,0.023892757102842,0.75,0.773892757102842,baron,leagueews,60,matched_early_mixture,americas,20260930
False,0.009693053311791822,0.75,0.7596930533117918,dragon,leagueews,60,matched_early_mixture,americas,20260930
False,0.02974947807933037,0.75,0.7797494780793304,teamfight,leagueews,60,matched_early_mixture,americas,20260930
False,0.019230769230764833,0.75,0.7692307692307648,baron,leagueews,60,matched_early_mixture,americas,20261001
False,0.0039208364451081,0.75,0.7539208364451081,dragon,leagueews,60,matched_early_mixture,americas,20261001
False,0.022245762711865624,0.75,0.7722457627118656,teamfight,leagueews,60,matched_early_mixture,americas,20261001
False,0.031735797399041976,0.75,0.781735797399042,baron,leagueews,60,matched_early_mixture,americas,20261002
False,0.011900655398409343,0.75,0.7619006553984093,teamfight,leagueews,60,matched_early_mixture,americas,20261002
True,0.028694677871147434,1.0,1.0286946778711474,baron,leagueews,60,matched_early_mixture,americas,20260930
True,0.012924071082389244,1.0,1.0129240710823892,dragon,leagueews,60,matched_early_mixture,americas,20260930
True,0.03966597077244316,1.0,1.0396659707724432,teamfight,leagueews,60,matched_early_mixture,americas,20260930
True,0.022634873323400306,1.0,1.0226348733234003,baron,leagueews,60,matched_early_mixture,americas,20261001
True,0.00522778192681117,1.0,1.0052277819268112,dragon,leagueews,60,matched_early_mixture,americas,20261001
True,0.027999999999995362,1.0,1.0279999999999954,teamfight,leagueews,60,matched_early_mixture,americas,20261001
True,0.041489390828197914,1.0,1.041489390828198,baron,leagueews,60,matched_early_mixture,americas,20261002
True,0.015867540531219415,1.0,1.0158675405312194,teamfight,leagueews,60,matched_early_mixture,americas,20261002
False,0.006084466714389114,0.25,0.2560844667143891,baron,gru,60,matched_early_mixture,americas,20260930
False,0.009511591962906296,0.25,0.2595115919629063,dragon,gru,60,matched_early_mixture,americas,20260930
False,0.009119064005507216,0.25,0.2591190640055072,baron,gru,60,matched_early_mixture,americas,20261001
False,0.009623983739837472,0.25,0.25962398373983747,dragon,gru,60,matched_early_mixture,americas,20261001
False,0.010757152361942135,0.25,0.26075715236194213,dragon,gru,60,matched_early_mixture,americas,20261002
False,0.012168933428778228,0.5,0.5121689334287782,baron,gru,60,matched_early_mixture,americas,20260930
False,0.02999072642967815,0.5,0.5299907264296781,dragon,gru,60,matched_early_mixture,americas,20260930
False,0.01823812801101443,0.5,0.5182381280110144,baron,gru,60,matched_early_mixture,americas,20261001
False,0.01457825203252161,0.5,0.5145782520325216,dragon,gru,60,matched_early_mixture,americas,20261001
False,0.006077037037037103,0.5,0.5060770370370371,baron,gru,60,matched_early_mixture,americas,20261002
False,0.012428520499106921,0.5,0.5124285204991069,dragon,gru,60,matched_early_mixture,americas,20261002
False,0.018253400143164566,0.75,0.7682534001431646,baron,gru,60,matched_early_mixture,americas,20260930
False,0.03220621468926488,0.75,0.7822062146892649,dragon,gru,60,matched_early_mixture,americas,20260930
False,0.02735719201651665,0.75,0.7773571920165167,baron,gru,60,matched_early_mixture,americas,20261001
False,0.01666666666666683,0.75,0.7666666666666668,dragon,gru,60,matched_early_mixture,americas,20261001
False,0.02755851851851643,0.75,0.7775585185185164,baron,gru,60,matched_early_mixture,americas,20261002
False,0.006813547237073614,0.75,0.7568135472370736,dragon,gru,60,matched_early_mixture,americas,20261002
True,0.025784422296045495,1.0,1.0257844222960455,baron,gru,60,matched_early_mixture,americas,20260930
True,0.03167655367231381,1.0,1.0316765536723138,dragon,gru,60,matched_early_mixture,americas,20260930
True,0.03615789473684594,1.0,1.036157894736846,baron,gru,60,matched_early_mixture,americas,20261001
True,0.012356321839082085,1.0,1.012356321839082,dragon,gru,60,matched_early_mixture,americas,20261001
True,0.024179953379958263,1.0,1.0241799533799583,baron,gru,60,matched_early_mixture,americas,20261002
True,0.0011318734793206442,1.0,1.0011318734793206,dragon,gru,60,matched_early_mixture,americas,20261002
False,0.015744274809161463,0.25,0.26574427480916146,baron,tcn,60,matched_early_mixture,americas,20260930
False,0.0032751091703057678,0.25,0.25327510917030577,dragon,tcn,60,matched_early_mixture,americas,20260930
False,0.010251903925014405,0.25,0.2602519039250144,teamfight,tcn,60,matched_early_mixture,americas,20260930
False,0.008479899497487453,0.25,0.25847989949748745,baron,tcn,60,matched_early_mixture,americas,20261001
False,0.001987883377508659,0.25,0.25198788337750866,dragon,tcn,60,matched_early_mixture,americas,20261001
False,0.0060041365046537565,0.25,0.25600413650465376,teamfight,tcn,60,matched_early_mixture,americas,20261001
False,0.014187446259674497,0.25,0.2641874462596745,baron,tcn,60,matched_early_mixture,americas,20261002
False,0.002948885976409632,0.25,0.25294888597640963,dragon,tcn,60,matched_early_mixture,americas,20261002
False,0.008421845574388409,0.25,0.2584218455743884,teamfight,tcn,60,matched_early_mixture,americas,20261002
False,0.031488549618322925,0.5,0.5314885496183229,baron,tcn,60,matched_early_mixture,americas,20260930
False,0.0065502183406115355,0.5,0.5065502183406115,dragon,tcn,60,matched_early_mixture,americas,20260930
False,0.02050380785002892,0.5,0.5205038078500289,teamfight,tcn,60,matched_early_mixture,americas,20260930
False,0.016959798994974906,0.5,0.5169597989949749,baron,tcn,60,matched_early_mixture,americas,20261001
False,0.003975766755016763,0.5,0.5039757667550168,dragon,tcn,60,matched_early_mixture,americas,20261001
False,0.013501551189243677,0.5,0.5135015511892437,teamfight,tcn,60,matched_early_mixture,americas,20261001
False,0.028374892519348993,0.5,0.528374892519349,baron,tcn,60,matched_early_mixture,americas,20261002
False,0.005897771952819264,0.5,0.5058977719528193,dragon,tcn,60,matched_early_mixture,americas,20261002
False,0.01830885122410486,0.5,0.5183088512241049,teamfight,tcn,60,matched_early_mixture,americas,20261002
False,0.047680503144651665,0.75,0.7976805031446517,baron,tcn,60,matched_early_mixture,americas,20260930
False,0.009825327510917026,0.75,0.759825327510917,dragon,tcn,60,matched_early_mixture,americas,20260930
False,0.030755711775042327,0.75,0.7807557117750423,teamfight,tcn,60,matched_early_mixture,americas,20260930
False,0.019823977823981043,0.75,0.769823977823981,baron,tcn,60,matched_early_mixture,americas,20261001
False,0.0059636501325252,0.75,0.7559636501325252,dragon,tcn,60,matched_early_mixture,americas,20261001
False,0.019982263954094415,0.75,0.7699822639540944,teamfight,tcn,60,matched_early_mixture,americas,20261001
False,0.04256233877902382,0.75,0.7925623387790238,baron,tcn,60,matched_early_mixture,americas,20261002
False,0.008846657929225343,0.75,0.7588466579292253,dragon,tcn,60,matched_early_mixture,americas,20261002
False,0.028195856873822422,0.75,0.7781958568738224,teamfight,tcn,60,matched_early_mixture,americas,20261002
True,0.056666666666663534,1.0,1.0566666666666635,baron,tcn,60,matched_early_mixture,americas,20260930
True,0.013100436681223071,1.0,1.013100436681223,dragon,tcn,60,matched_early_mixture,americas,20260930
True,0.04100761570005784,1.0,1.0410076157000578,teamfight,tcn,60,matched_early_mixture,americas,20260930
True,0.031050539466211724,1.0,1.0310505394662117,baron,tcn,60,matched_early_mixture,americas,20261001
True,0.007951533510033526,1.0,1.0079515335100335,dragon,tcn,60,matched_early_mixture,americas,20261001
True,0.0249379238393288,1.0,1.0249379238393288,teamfight,tcn,60,matched_early_mixture,americas,20261001
True,0.05608135125818414,1.0,1.0560813512581841,baron,tcn,60,matched_early_mixture,americas,20261002
True,0.011795543905638528,1.0,1.0117955439056385,dragon,tcn,60,matched_early_mixture,americas,20261002
True,0.038082862523543204,1.0,1.0380828625235432,teamfight,tcn,60,matched_early_mixture,americas,20261002
False,0.01365409622886904,0.25,0.26365409622886904,baron,snapshot,60,matched_early_mixture,americas,20260930
False,0.0028792692613182624,0.25,0.25287926926131826,dragon,snapshot,60,matched_early_mixture,americas,20260930
False,0.02448262108262117,0.25,0.27448262108262117,teamfight,snapshot,60,matched_early_mixture,americas,20260930
False,0.015447443181818177,0.25,0.2654474431818182,baron,snapshot,60,matched_early_mixture,americas,20261001
False,0.00225317492830851,0.25,0.2522531749283085,dragon,snapshot,60,matched_early_mixture,americas,20261001
False,0.01899829931972824,0.25,0.26899829931972824,teamfight,snapshot,60,matched_early_mixture,americas,20261001
False,0.005219582433405867,0.25,0.25521958243340587,baron,snapshot,60,matched_early_mixture,americas,20261002
False,0.0034189805221720992,0.25,0.2534189805221721,dragon,snapshot,60,matched_early_mixture,americas,20261002
False,0.04909190672153546,0.25,0.29909190672153546,teamfight,snapshot,60,matched_early_mixture,americas,20261002
False,0.027308192457737746,0.5,0.5273081924577377,baron,snapshot,60,matched_early_mixture,americas,20260930
False,0.005758538522636525,0.5,0.5057585385226365,dragon,snapshot,60,matched_early_mixture,americas,20260930
False,0.04649116809116638,0.5,0.5464911680911664,teamfight,snapshot,60,matched_early_mixture,americas,20260930
False,0.030894886363636354,0.5,0.5308948863636364,baron,snapshot,60,matched_early_mixture,americas,20261001
False,0.00450634985661702,0.5,0.504506349856617,dragon,snapshot,60,matched_early_mixture,americas,20261001
False,0.038768707482992215,0.5,0.5387687074829922,teamfight,snapshot,60,matched_early_mixture,americas,20261001
False,0.010439164866811734,0.5,0.5104391648668117,baron,snapshot,60,matched_early_mixture,americas,20261002
False,0.0068379610443441985,0.5,0.5068379610443442,dragon,snapshot,60,matched_early_mixture,americas,20261002
False,0.06040877914952114,0.5,0.5604087791495211,teamfight,snapshot,60,matched_early_mixture,americas,20261002
False,0.04096228868660512,0.75,0.7909622886866051,baron,snapshot,60,matched_early_mixture,americas,20260930
False,0.008637807783956286,0.75,0.7586378077839563,dragon,snapshot,60,matched_early_mixture,americas,20260930
False,0.06849971509971309,0.75,0.8184997150997131,teamfight,snapshot,60,matched_early_mixture,americas,20260930
False,0.04634232954545314,0.75,0.7963423295454531,baron,snapshot,60,matched_early_mixture,americas,20261001
False,0.006759524784921922,0.75,0.7567595247849219,dragon,snapshot,60,matched_early_mixture,americas,20261001
False,0.05853911564625669,0.75,0.8085391156462567,teamfight,snapshot,60,matched_early_mixture,americas,20261001
False,0.015658747300219433,0.75,0.7656587473002194,baron,snapshot,60,matched_early_mixture,americas,20261002
False,0.010256941566514355,0.75,0.7602569415665144,dragon,snapshot,60,matched_early_mixture,americas,20261002
False,0.07107284050907048,0.75,0.8210728405090705,teamfight,snapshot,60,matched_early_mixture,americas,20261002
True,0.05461638491547549,1.0,1.0546163849154755,baron,snapshot,60,matched_early_mixture,americas,20260930
True,0.01151707704527305,1.0,1.011517077045273,dragon,snapshot,60,matched_early_mixture,americas,20260930
True,0.06753073246637831,1.0,1.0675307324663783,teamfight,snapshot,60,matched_early_mixture,americas,20260930
True,0.06067497403946187,1.0,1.0606749740394619,baron,snapshot,60,matched_early_mixture,americas,20261001
True,0.00901269971323404,1.0,1.009012699713234,dragon,snapshot,60,matched_early_mixture,americas,20261001
True,0.07830952380952261,1.0,1.0783095238095226,teamfight,snapshot,60,matched_early_mixture,americas,20261001
True,0.027888246628128943,1.0,1.027888246628129,baron,snapshot,60,matched_early_mixture,americas,20261002
True,0.013675922088688397,1.0,1.0136759220886884,dragon,snapshot,60,matched_early_mixture,americas,20261002
True,0.06355862442458116,1.0,1.0635586244245812,teamfight,snapshot,60,matched_early_mixture,americas,20261002
False,0.011525795828760399,0.25,0.2615257958287604,baron,current_only,60,matched_early_mixture,americas,20260930
False,0.0005265374894697361,0.25,0.25052653748946974,dragon,current_only,60,matched_early_mixture,americas,20260930
False,0.050857597454255055,0.25,0.30085759745425505,teamfight,current_only,60,matched_early_mixture,americas,20260930
False,0.010703918722786032,0.25,0.26070391872278603,baron,current_only,60,matched_early_mixture,americas,20261001
False,0.0015893792071805524,0.25,0.25158937920718055,dragon,current_only,60,matched_early_mixture,americas,20261001
False,0.03398727735368928,0.25,0.2839872773536893,teamfight,current_only,60,matched_early_mixture,americas,20261001
False,0.009895227008148433,0.25,0.25989522700814843,baron,current_only,60,matched_early_mixture,americas,20261002
False,0.0012087026591457994,0.25,0.2512087026591458,dragon,current_only,60,matched_early_mixture,americas,20261002
False,0.025987804878049692,0.25,0.2759878048780497,teamfight,current_only,60,matched_early_mixture,americas,20261002
False,0.023051591657520798,0.5,0.5230515916575208,baron,current_only,60,matched_early_mixture,americas,20260930
False,0.0010530749789394722,0.5,0.5010530749789395,dragon,current_only,60,matched_early_mixture,americas,20260930
False,0.058218533886582935,0.5,0.5582185338865829,teamfight,current_only,60,matched_early_mixture,americas,20260930
False,0.021407837445572064,0.5,0.5214078374455721,baron,current_only,60,matched_early_mixture,americas,20261001
False,0.0031787584143609937,0.5,0.503178758414361,dragon,current_only,60,matched_early_mixture,americas,20261001
False,0.03366921119592847,0.5,0.5336692111959285,teamfight,current_only,60,matched_early_mixture,americas,20261001
False,0.019790454016296866,0.5,0.5197904540162969,baron,current_only,60,matched_early_mixture,americas,20261002
False,0.002417405318291266,0.5,0.5024174053182913,dragon,current_only,60,matched_early_mixture,americas,20261002
False,0.0328475609756097,0.5,0.5328475609756097,teamfight,current_only,60,matched_early_mixture,americas,20261002
False,0.03313189448441367,0.75,0.7831318944844137,baron,current_only,60,matched_early_mixture,americas,20260930
False,0.001579612468407765,0.75,0.7515796124684078,dragon,current_only,60,matched_early_mixture,americas,20260930
False,0.059255878284924624,0.75,0.8092558782849246,teamfight,current_only,60,matched_early_mixture,americas,20260930
False,0.03211175616836004,0.75,0.78211175616836,baron,current_only,60,matched_early_mixture,americas,20261001
False,0.004768137621541935,0.75,0.7547681376215419,dragon,current_only,60,matched_early_mixture,americas,20261001
False,0.03335114503817027,0.75,0.7833511450381703,teamfight,current_only,60,matched_early_mixture,americas,20261001
False,0.033784743991638555,0.75,0.7837847439916386,baron,current_only,60,matched_early_mixture,americas,20261002
False,0.0036261079774347893,0.75,0.7536261079774348,dragon,current_only,60,matched_early_mixture,americas,20261002
False,0.03970731707317443,0.75,0.7897073170731744,teamfight,current_only,60,matched_early_mixture,americas,20261002
True,0.042915451895044976,1.0,1.042915451895045,baron,current_only,60,matched_early_mixture,americas,20260930
True,0.0021061499578789444,1.0,1.002106149957879,dragon,current_only,60,matched_early_mixture,americas,20260930
True,0.062232629727354105,1.0,1.062232629727354,teamfight,current_only,60,matched_early_mixture,americas,20260930
True,0.04710403397027774,1.0,1.0471040339702777,baron,current_only,60,matched_early_mixture,americas,20261001
True,0.006357516828721987,1.0,1.006357516828722,dragon,current_only,60,matched_early_mixture,americas,20261001
True,0.03303307888040696,1.0,1.033033078880407,teamfight,current_only,60,matched_early_mixture,americas,20261001
True,0.058775609756098746,1.0,1.0587756097560987,baron,current_only,60,matched_early_mixture,americas,20261002
True,0.004834810636582532,1.0,1.0048348106365825,dragon,current_only,60,matched_early_mixture,americas,20261002
True,0.03340906483075501,1.0,1.033409064830755,teamfight,current_only,60,matched_early_mixture,americas,20261002
False,0.0009936406995229574,0.25,0.25099364069952296,dragon,independent,60,matched_early_mixture,americas,20260930
False,0.0116761805915932,0.25,0.2616761805915932,teamfight,independent,60,matched_early_mixture,americas,20260930
False,0.0007288629737614571,0.25,0.25072886297376146,dragon,independent,60,matched_early_mixture,americas,20261001
False,0.00725875320239161,0.25,0.2572587532023916,teamfight,independent,60,matched_early_mixture,americas,20261001
False,0.0051574375678613005,0.25,0.2551574375678613,dragon,independent,60,matched_early_mixture,americas,20261002
False,0.004583921015514469,0.25,0.25458392101551447,teamfight,independent,60,matched_early_mixture,americas,20261002
False,0.001987281399046026,0.5,0.501987281399046,dragon,independent,60,matched_early_mixture,americas,20260930
False,0.02335236118318651,0.5,0.5233523611831865,teamfight,independent,60,matched_early_mixture,americas,20260930
False,0.0014577259475226922,0.5,0.5014577259475227,dragon,independent,60,matched_early_mixture,americas,20261001
False,0.01451750640478322,0.5,0.5145175064047832,teamfight,independent,60,matched_early_mixture,americas,20261001
False,0.010314875135722823,0.5,0.5103148751357228,dragon,independent,60,matched_early_mixture,americas,20261002
False,0.009167842031029494,0.5,0.5091678420310295,teamfight,independent,60,matched_early_mixture,americas,20261002
False,0.002980922098570815,0.75,0.7529809220985708,dragon,independent,60,matched_early_mixture,americas,20260930
False,0.035028541774779764,0.75,0.7850285417747798,teamfight,independent,60,matched_early_mixture,americas,20260930
False,0.007469434832756194,0.75,0.7574694348327562,baron,independent,60,matched_early_mixture,americas,20261001
False,0.002186588921280541,0.75,0.7521865889212805,dragon,independent,60,matched_early_mixture,americas,20261001
False,0.02177625960717222,0.75,0.7717762596071722,teamfight,independent,60,matched_early_mixture,americas,20261001
False,0.01547231270358318,0.75,0.7654723127035832,dragon,independent,60,matched_early_mixture,americas,20261002
False,0.013751763046546461,0.75,0.7637517630465465,teamfight,independent,60,matched_early_mixture,americas,20261002
True,0.003974562798092052,1.0,1.003974562798092,dragon,independent,60,matched_early_mixture,americas,20260930
True,0.04670472236637302,1.0,1.046704722366373,teamfight,independent,60,matched_early_mixture,americas,20260930
True,0.01892640692640435,1.0,1.0189264069264043,baron,independent,60,matched_early_mixture,americas,20261001
True,0.0029154518950453845,1.0,1.0029154518950454,dragon,independent,60,matched_early_mixture,americas,20261001
True,0.029035012809566663,1.0,1.0290350128095667,teamfight,independent,60,matched_early_mixture,americas,20261001
True,0.020629750271445646,1.0,1.0206297502714456,dragon,independent,60,matched_early_mixture,americas,20261002
True,0.018335684062058988,1.0,1.018335684062059,teamfight,independent,60,matched_early_mixture,americas,20261002
False,0.004790940766551843,0.25,0.25479094076655184,baron,pcgrad,60,matched_early_mixture,americas,20260930
False,0.00020408163265334123,0.25,0.25020408163265334,dragon,pcgrad,60,matched_early_mixture,americas,20260930
False,0.012137359384251034,0.25,0.26213735938425103,teamfight,pcgrad,60,matched_early_mixture,americas,20260930
False,0.004877014418999126,0.25,0.2548770144189991,baron,pcgrad,60,matched_early_mixture,americas,20261001
False,0.0010840108401093396,0.25,0.25108401084010934,teamfight,pcgrad,60,matched_early_mixture,americas,20261001
False,0.00883652430044074,0.25,0.25883652430044074,baron,pcgrad,60,matched_early_mixture,americas,20261002
False,0.007475083056478371,0.25,0.25747508305647837,teamfight,pcgrad,60,matched_early_mixture,americas,20261002
False,0.009581881533103687,0.5,0.5095818815331037,baron,pcgrad,60,matched_early_mixture,americas,20260930
False,0.0004081632653069045,0.5,0.5004081632653069,dragon,pcgrad,60,matched_early_mixture,americas,20260930
False,0.024274718768502068,0.5,0.5242747187685021,teamfight,pcgrad,60,matched_early_mixture,americas,20260930
False,0.009754028837998252,0.5,0.5097540288379983,baron,pcgrad,60,matched_early_mixture,americas,20261001
False,0.002168021680218679,0.5,0.5021680216802187,teamfight,pcgrad,60,matched_early_mixture,americas,20261001
False,0.01767304860088148,0.5,0.5176730486008815,baron,pcgrad,60,matched_early_mixture,americas,20261002
False,0.014950166112956742,0.5,0.5149501661129567,teamfight,pcgrad,60,matched_early_mixture,americas,20261002
False,0.014372822299649979,0.75,0.76437282229965,baron,pcgrad,60,matched_early_mixture,americas,20260930
False,0.0006122448979583028,0.75,0.7506122448979583,dragon,pcgrad,60,matched_early_mixture,americas,20260930
False,0.036412078152751604,0.75,0.7864120781527516,teamfight,pcgrad,60,matched_early_mixture,americas,20260930
False,0.014631043256995602,0.75,0.7646310432569956,baron,pcgrad,60,matched_early_mixture,americas,20261001
False,0.003252032520325021,0.75,0.753252032520325,teamfight,pcgrad,60,matched_early_mixture,americas,20261001
False,0.026509572901324385,0.75,0.7765095729013244,baron,pcgrad,60,matched_early_mixture,americas,20261002
False,0.02242524916943045,0.75,0.7724252491694305,teamfight,pcgrad,60,matched_early_mixture,americas,20261002
True,0.02210084033613291,1.0,1.022100840336133,baron,pcgrad,60,matched_early_mixture,americas,20260930
True,0.000816326530613809,1.0,1.0008163265306138,dragon,pcgrad,60,matched_early_mixture,americas,20260930
True,0.04854943753700436,1.0,1.0485494375370044,teamfight,pcgrad,60,matched_early_mixture,americas,20260930
True,0.020150053590567873,1.0,1.0201500535905679,baron,pcgrad,60,matched_early_mixture,americas,20261001
True,0.004336043360437358,1.0,1.0043360433604374,teamfight,pcgrad,60,matched_early_mixture,americas,20261001
True,0.03664052287581909,1.0,1.036640522875819,baron,pcgrad,60,matched_early_mixture,americas,20261002
True,0.029900332225913484,1.0,1.0299003322259135,teamfight,pcgrad,60,matched_early_mixture,americas,20261002
