family,seed,horizon,region,event,threshold,timely_recall,false_plus_late_per_match,false_per_match,late_per_match,regional_budget_met
leagueews,20260930,30,overall,baron,0.12589254117941687,0.21012033323048443,0.9393333333333334,0.798,0.14133333333333334,True
leagueews,20260930,30,americas,baron,0.12589254117941687,0.20600858369098712,0.9886666666666667,0.8533333333333334,0.13533333333333333,True
leagueews,20260930,30,europe,baron,0.12589254117941687,0.21428571428571427,0.89,0.7426666666666667,0.14733333333333334,True
leagueews,20260930,30,overall,dragon,0.4466835921509635,0.14034778003354223,0.9743333333333334,0.5693333333333334,0.405,True
leagueews,20260930,30,americas,dragon,0.4466835921509635,0.1411928360285168,0.9666666666666667,0.5526666666666666,0.414,True
leagueews,20260930,30,europe,dragon,0.4466835921509635,0.13947651487988527,0.982,0.586,0.396,True
leagueews,20260930,30,overall,teamfight,0.31622776601683794,0.03273553927759535,0.7966666666666666,0.582,0.21466666666666667,True
leagueews,20260930,30,americas,teamfight,0.31622776601683794,0.03259651624732607,0.8073333333333333,0.5786666666666667,0.22866666666666666,True
leagueews,20260930,30,europe,teamfight,0.31622776601683794,0.032872319102024455,0.786,0.5853333333333334,0.20066666666666666,True
leagueews,20260930,60,overall,baron,0.2818382931264455,0.23110151187904968,0.891,0.6233333333333333,0.26766666666666666,True
leagueews,20260930,60,americas,baron,0.2818382931264455,0.2317596566523605,0.918,0.6633333333333333,0.25466666666666665,True
leagueews,20260930,60,europe,baron,0.2818382931264455,0.23043478260869565,0.864,0.5833333333333334,0.2806666666666667,True
leagueews,20260930,60,overall,dragon,0.7943282347242822,0.08915173448671551,0.6446666666666667,0.134,0.5106666666666667,True
leagueews,20260930,60,americas,dragon,0.7943282347242822,0.0848548078595027,0.6726666666666666,0.144,0.5286666666666666,True
leagueews,20260930,60,europe,dragon,0.7943282347242822,0.09358192900681248,0.6166666666666667,0.124,0.49266666666666664,True
leagueews,20260930,60,overall,teamfight,0.5011872336272725,0.03743369537762061,0.6643333333333333,0.377,0.28733333333333333,True
leagueews,20260930,60,americas,teamfight,0.5011872336272725,0.03565243964551289,0.694,0.3873333333333333,0.30666666666666664,True
leagueews,20260930,60,europe,teamfight,0.5011872336272725,0.03918620966125476,0.6346666666666667,0.36666666666666664,0.268,True
leagueews,20261001,30,overall,baron,0.14125375446227553,0.212897253933971,0.9736666666666667,0.8323333333333334,0.14133333333333334,False
leagueews,20261001,30,americas,baron,0.14125375446227553,0.20907418761496016,1.0113333333333334,0.8746666666666667,0.13666666666666666,False
leagueews,20261001,30,europe,baron,0.14125375446227553,0.21677018633540374,0.936,0.79,0.146,True
leagueews,20261001,30,overall,dragon,0.5011872336272725,0.12357666166475417,0.813,0.45166666666666666,0.36133333333333334,True
leagueews,20261001,30,americas,dragon,0.5011872336272725,0.12606503216831855,0.7973333333333333,0.43466666666666665,0.3626666666666667,True
leagueews,20261001,30,europe,dragon,0.5011872336272725,0.12101111509501614,0.8286666666666667,0.4686666666666667,0.36,True
leagueews,20261001,30,overall,teamfight,0.3548133892335753,0.029704470825966153,0.7543333333333333,0.548,0.20633333333333334,True
leagueews,20261001,30,americas,teamfight,0.3548133892335753,0.02913313639604767,0.76,0.542,0.218,True
leagueews,20261001,30,europe,teamfight,0.3548133892335753,0.030266586490278614,0.7486666666666667,0.554,0.19466666666666665,True
leagueews,20261001,60,overall,baron,0.31622776601683794,0.23696390003085469,0.8526666666666667,0.588,0.26466666666666666,True
leagueews,20261001,60,americas,baron,0.31622776601683794,0.23666462293071736,0.88,0.6233333333333333,0.25666666666666665,True
leagueews,20261001,60,europe,baron,0.31622776601683794,0.2372670807453416,0.8253333333333334,0.5526666666666666,0.27266666666666667,True
leagueews,20261001,60,overall,dragon,0.7943282347242822,0.10106805543295966,0.6953333333333334,0.14833333333333334,0.547,True
leagueews,20261001,60,americas,dragon,0.7943282347242822,0.09667883846287602,0.722,0.15266666666666667,0.5693333333333334,True
leagueews,20261001,60,europe,dragon,0.7943282347242822,0.10559340265328075,0.6686666666666666,0.144,0.5246666666666666,True
leagueews,20261001,60,overall,teamfight,0.5011872336272725,0.05284162667340237,0.9553333333333334,0.582,0.37333333333333335,True
leagueews,20261001,60,americas,teamfight,0.5011872336272725,0.051339513089538553,0.972,0.5906666666666667,0.38133333333333336,True
leagueews,20261001,60,europe,teamfight,0.5011872336272725,0.05431950290639407,0.9386666666666666,0.5733333333333334,0.36533333333333334,True
leagueews,20261002,30,overall,baron,0.15848931924611143,0.20333230484418388,0.9306666666666666,0.7893333333333333,0.14133333333333334,True
leagueews,20261002,30,americas,baron,0.15848931924611143,0.2017167381974249,0.976,0.8413333333333334,0.13466666666666666,True
leagueews,20261002,30,europe,baron,0.15848931924611143,0.20496894409937888,0.8853333333333333,0.7373333333333333,0.148,True
leagueews,20261002,30,overall,dragon,0.5011872336272725,0.13134433754082445,0.8786666666666667,0.5016666666666667,0.377,True
leagueews,20261002,30,americas,dragon,0.5011872336272725,0.13162928186402365,0.87,0.48733333333333334,0.38266666666666665,True
leagueews,20261002,30,europe,dragon,0.5011872336272725,0.1310505557547508,0.8873333333333333,0.516,0.37133333333333335,True
leagueews,20261002,30,overall,teamfight,0.31622776601683794,0.030007577671129073,0.7223333333333334,0.5283333333333333,0.194,True
leagueews,20261002,30,americas,teamfight,0.31622776601683794,0.030253641642049505,0.7226666666666667,0.522,0.20066666666666666,True
leagueews,20261002,30,europe,teamfight,0.31622776601683794,0.029765484064942876,0.722,0.5346666666666666,0.18733333333333332,True
leagueews,20261002,60,overall,baron,0.31622776601683794,0.23819808701018205,0.8806666666666667,0.6123333333333333,0.2683333333333333,True
leagueews,20261002,60,americas,baron,0.31622776601683794,0.24340895156345801,0.9073333333333333,0.6473333333333333,0.26,True
leagueews,20261002,60,europe,baron,0.31622776601683794,0.2329192546583851,0.854,0.5773333333333334,0.27666666666666667,True
leagueews,20261002,60,overall,dragon,0.7943282347242822,0.0991261364639421,0.6666666666666666,0.143,0.5236666666666666,True
leagueews,20261002,60,americas,dragon,0.7943282347242822,0.09424447922100504,0.6886666666666666,0.148,0.5406666666666666,True
leagueews,20261002,60,europe,dragon,0.7943282347242822,0.10415919684474723,0.6446666666666667,0.138,0.5066666666666667,True
leagueews,20261002,60,overall,teamfight,0.5011872336272725,0.036776963879767616,0.644,0.37566666666666665,0.2683333333333333,True
leagueews,20261002,60,americas,teamfight,0.5011872336272725,0.03595803198533157,0.6553333333333333,0.37666666666666665,0.2786666666666667,True
leagueews,20261002,60,europe,teamfight,0.5011872336272725,0.037582681900180395,0.6326666666666667,0.37466666666666665,0.258,True
gru,20260930,30,overall,baron,0.1778279410038923,0.11632212280160445,0.743,0.6683333333333333,0.07466666666666667,True
gru,20260930,30,americas,baron,0.1778279410038923,0.11710606989576947,0.8106666666666666,0.736,0.07466666666666667,True
gru,20260930,30,europe,baron,0.1778279410038923,0.115527950310559,0.6753333333333333,0.6006666666666667,0.07466666666666667,True
gru,20260930,30,overall,dragon,0.4466835921509635,0.09877306028775708,0.85,0.6803333333333333,0.16966666666666666,True
gru,20260930,30,americas,dragon,0.4466835921509635,0.10102590853764562,0.8826666666666667,0.708,0.17466666666666666,True
gru,20260930,30,europe,dragon,0.4466835921509635,0.09645034062387953,0.8173333333333334,0.6526666666666666,0.16466666666666666,True
gru,20260930,30,overall,teamfight,0.1995262314968879,0.020156605203334177,0.5796666666666667,0.47533333333333333,0.10433333333333333,True
gru,20260930,30,americas,teamfight,0.1995262314968879,0.019456045635122748,0.5946666666666667,0.486,0.10866666666666666,True
gru,20260930,30,europe,teamfight,0.1995262314968879,0.020845860893966728,0.5646666666666667,0.4646666666666667,0.1,True
gru,20260930,60,overall,baron,0.2818382931264455,0.20240666460968837,0.8926666666666667,0.7313333333333333,0.16133333333333333,True
gru,20260930,60,americas,baron,0.2818382931264455,0.20600858369098712,0.954,0.7946666666666666,0.15933333333333333,True
gru,20260930,60,europe,baron,0.2818382931264455,0.19875776397515527,0.8313333333333334,0.668,0.16333333333333333,True
gru,20260930,60,overall,dragon,0.7079457843841388,0.14838026304175125,0.5403333333333333,0.31133333333333335,0.229,True
gru,20260930,60,americas,dragon,0.7079457843841388,0.14884367936011128,0.5653333333333334,0.3233333333333333,0.242,True
gru,20260930,60,europe,dragon,0.7079457843841388,0.1479024740050197,0.5153333333333333,0.29933333333333334,0.216,True
gru,20260930,60,overall,teamfight,0.3548133892335753,0.029148774943167467,0.47933333333333333,0.342,0.13733333333333334,True
gru,20260930,60,americas,teamfight,0.3548133892335753,0.02964245696241214,0.486,0.354,0.132,True
gru,20260930,60,europe,teamfight,0.3548133892335753,0.02866305872920425,0.4726666666666667,0.33,0.14266666666666666,True
gru,20261001,30,overall,baron,0.1122018454301963,0.15087935822277074,0.9466666666666667,0.848,0.09866666666666667,False
gru,20261001,30,americas,baron,0.1122018454301963,0.1477621091354997,1.012,0.9153333333333333,0.09666666666666666,False
gru,20261001,30,europe,baron,0.1122018454301963,0.15403726708074533,0.8813333333333333,0.7806666666666666,0.10066666666666667,True
gru,20261001,30,overall,dragon,0.39810717055349776,0.08959307970694677,0.8936666666666667,0.757,0.13666666666666666,True
gru,20261001,30,americas,dragon,0.39810717055349776,0.09007129194922622,0.9093333333333333,0.7726666666666666,0.13666666666666666,True
gru,20261001,30,europe,dragon,0.39810717055349776,0.08910003585514521,0.878,0.7413333333333333,0.13666666666666666,True
gru,20261001,30,overall,teamfight,0.1995262314968879,0.0243495832280879,0.6996666666666667,0.5756666666666667,0.124,True
gru,20261001,30,americas,teamfight,0.1995262314968879,0.02342874605276561,0.7273333333333334,0.594,0.13333333333333333,True
gru,20261001,30,europe,teamfight,0.1995262314968879,0.025255562236921228,0.672,0.5573333333333333,0.11466666666666667,True
gru,20261001,60,overall,baron,0.22387211385683423,0.21166306695464362,0.9353333333333333,0.752,0.18333333333333332,False
gru,20261001,60,americas,baron,0.22387211385683423,0.21336603310852237,1.004,0.8206666666666667,0.18333333333333332,False
gru,20261001,60,europe,baron,0.22387211385683423,0.20993788819875778,0.8666666666666667,0.6833333333333333,0.18333333333333332,True
gru,20261001,60,overall,dragon,0.6309573444801942,0.17362520963897962,0.6813333333333333,0.4653333333333333,0.216,True
gru,20261001,60,americas,dragon,0.6309573444801942,0.17440445139975658,0.6906666666666667,0.4666666666666667,0.224,True
gru,20261001,60,europe,dragon,0.6309573444801942,0.17282179992828972,0.672,0.464,0.208,True
gru,20261001,60,overall,teamfight,0.3548133892335753,0.028997221520586005,0.4513333333333333,0.33066666666666666,0.12066666666666667,True
gru,20261001,60,americas,teamfight,0.3548133892335753,0.02954059284913925,0.462,0.346,0.116,True
gru,20261001,60,europe,teamfight,0.3548133892335753,0.028462617759069955,0.44066666666666665,0.31533333333333335,0.12533333333333332,True
gru,20261002,30,overall,baron,0.1122018454301963,0.09534094415303919,0.8633333333333333,0.802,0.06133333333333333,True
gru,20261002,30,americas,baron,0.1122018454301963,0.0944206008583691,0.9433333333333334,0.878,0.06533333333333333,True
gru,20261002,30,europe,baron,0.1122018454301963,0.09627329192546584,0.7833333333333333,0.726,0.05733333333333333,True
gru,20261002,30,overall,dragon,0.4466835921509635,0.08094271339041398,0.7223333333333334,0.5823333333333334,0.14,True
gru,20261002,30,americas,dragon,0.4466835921509635,0.08155103460267779,0.7426666666666667,0.6006666666666667,0.142,True
gru,20261002,30,europe,dragon,0.4466835921509635,0.08031552527787737,0.702,0.564,0.138,True
gru,20261002,30,overall,teamfight,0.1778279410038923,0.021621621621621623,0.7623333333333333,0.661,0.10133333333333333,True
gru,20261002,30,americas,teamfight,0.1778279410038923,0.020678414994397473,0.77,0.6666666666666666,0.10333333333333333,True
gru,20261002,30,europe,teamfight,0.1778279410038923,0.02254960914010824,0.7546666666666667,0.6553333333333333,0.09933333333333333,True
gru,20261002,60,overall,baron,0.22387211385683423,0.14285714285714285,0.8273333333333334,0.7133333333333334,0.114,True
gru,20261002,60,americas,baron,0.22387211385683423,0.1496014714898835,0.8926666666666667,0.7726666666666666,0.12,True
gru,20261002,60,europe,baron,0.22387211385683423,0.1360248447204969,0.762,0.654,0.108,True
gru,20261002,60,overall,dragon,0.6309573444801942,0.22190837673227998,0.9926666666666667,0.62,0.37266666666666665,True
gru,20261002,60,americas,dragon,0.6309573444801942,0.22413493305512086,0.9953333333333333,0.6226666666666667,0.37266666666666665,True
gru,20261002,60,europe,dragon,0.6309573444801942,0.21961276443169594,0.99,0.6173333333333333,0.37266666666666665,True
gru,20261002,60,overall,teamfight,0.31622776601683794,0.03955544329376105,0.6953333333333334,0.5556666666666666,0.13966666666666666,True
gru,20261002,60,americas,teamfight,0.31622776601683794,0.041560558215340736,0.6973333333333334,0.564,0.13333333333333333,True
gru,20261002,60,europe,teamfight,0.31622776601683794,0.037582681900180395,0.6933333333333334,0.5473333333333333,0.146,True
tcn,20260930,30,overall,baron,0.12589254117941687,0.2076519592718297,0.9533333333333334,0.8076666666666666,0.14566666666666667,False
tcn,20260930,30,americas,baron,0.12589254117941687,0.20478234212139793,1.02,0.876,0.144,False
tcn,20260930,30,europe,baron,0.12589254117941687,0.21055900621118012,0.8866666666666667,0.7393333333333333,0.14733333333333334,True
tcn,20260930,30,overall,dragon,0.5011872336272725,0.12401800688498543,0.8083333333333333,0.4533333333333333,0.355,True
tcn,20260930,30,americas,dragon,0.5011872336272725,0.1255433837593462,0.8066666666666666,0.44333333333333336,0.36333333333333334,True
tcn,20260930,30,europe,dragon,0.5011872336272725,0.12244532090354966,0.81,0.4633333333333333,0.3466666666666667,True
tcn,20260930,30,overall,teamfight,0.31622776601683794,0.027481687294771406,0.6936666666666667,0.5073333333333333,0.18633333333333332,True
tcn,20260930,30,americas,teamfight,0.31622776601683794,0.027401446470408476,0.6993333333333334,0.5033333333333333,0.196,True
tcn,20260930,30,europe,teamfight,0.31622776601683794,0.027560633393465626,0.688,0.5113333333333333,0.17666666666666667,True
tcn,20260930,60,overall,baron,0.2818382931264455,0.22709040419623572,0.8866666666666667,0.618,0.26866666666666666,True
tcn,20260930,60,americas,baron,0.2818382931264455,0.2299202942979767,0.932,0.668,0.264,True
tcn,20260930,60,europe,baron,0.2818382931264455,0.22422360248447204,0.8413333333333334,0.568,0.2733333333333333,True
tcn,20260930,60,overall,dragon,0.7943282347242822,0.10318651249006973,0.7076666666666667,0.159,0.5486666666666666,True
tcn,20260930,60,americas,dragon,0.7943282347242822,0.09772213528082073,0.7333333333333333,0.162,0.5713333333333334,True
tcn,20260930,60,europe,dragon,0.7943282347242822,0.10882036572248117,0.682,0.156,0.526,True
tcn,20260930,60,overall,teamfight,0.5011872336272725,0.035766607729224555,0.634,0.37,0.264,True
tcn,20260930,60,americas,teamfight,0.5011872336272725,0.03483752673932974,0.6586666666666666,0.38266666666666665,0.276,True
tcn,20260930,60,europe,teamfight,0.5011872336272725,0.03668069753457607,0.6093333333333333,0.35733333333333334,0.252,True
tcn,20261001,30,overall,baron,0.1122018454301963,0.20981178648565257,0.9826666666666667,0.837,0.14566666666666667,False
tcn,20261001,30,americas,baron,0.1122018454301963,0.20784794604537093,1.026,0.8826666666666667,0.14333333333333334,False
tcn,20261001,30,europe,baron,0.1122018454301963,0.21180124223602484,0.9393333333333334,0.7913333333333333,0.148,True
tcn,20261001,30,overall,dragon,0.4466835921509635,0.13372760173007325,0.893,0.5163333333333333,0.37666666666666665,True
tcn,20261001,30,americas,dragon,0.4466835921509635,0.1364980003477656,0.8926666666666667,0.5073333333333333,0.38533333333333336,True
tcn,20261001,30,europe,dragon,0.4466835921509635,0.13087128002868412,0.8933333333333333,0.5253333333333333,0.368,True
tcn,20261001,30,overall,teamfight,0.31622776601683794,0.03217984339479667,0.845,0.6256666666666667,0.21933333333333332,True
tcn,20261001,30,americas,teamfight,0.31622776601683794,0.03178160334114292,0.862,0.626,0.236,True
tcn,20261001,30,europe,teamfight,0.31622776601683794,0.03257165764682301,0.828,0.6253333333333333,0.20266666666666666,True
tcn,20261001,60,overall,baron,0.2818382931264455,0.2165998148719531,0.8446666666666667,0.5786666666666667,0.266,True
tcn,20261001,60,americas,baron,0.2818382931264455,0.21397915389331698,0.872,0.612,0.26,True
tcn,20261001,60,europe,baron,0.2818382931264455,0.21925465838509317,0.8173333333333334,0.5453333333333333,0.272,True
tcn,20261001,60,overall,dragon,0.7943282347242822,0.07802983493688763,0.5793333333333334,0.11066666666666666,0.4686666666666667,True
tcn,20261001,60,americas,dragon,0.7943282347242822,0.074943488089028,0.6133333333333333,0.11733333333333333,0.496,True
tcn,20261001,60,europe,dragon,0.7943282347242822,0.08121190390821083,0.5453333333333333,0.104,0.44133333333333336,True
tcn,20261001,60,overall,teamfight,0.5011872336272725,0.036372821419550394,0.6483333333333333,0.37266666666666665,0.27566666666666667,True
tcn,20261001,60,americas,teamfight,0.5011872336272725,0.03585616787205868,0.668,0.378,0.29,True
tcn,20261001,60,europe,teamfight,0.5011872336272725,0.036881138504710365,0.6286666666666667,0.36733333333333335,0.2613333333333333,True
tcn,20261002,30,overall,baron,0.14125375446227553,0.20456649182351125,0.9613333333333334,0.818,0.14333333333333334,False
tcn,20261002,30,americas,baron,0.14125375446227553,0.19865113427345188,1.004,0.864,0.14,False
tcn,20261002,30,europe,baron,0.14125375446227553,0.21055900621118012,0.9186666666666666,0.772,0.14666666666666667,True
tcn,20261002,30,overall,dragon,0.5011872336272725,0.14820372495365874,0.996,0.598,0.398,True
tcn,20261002,30,americas,dragon,0.5011872336272725,0.1507563901930099,0.9966666666666667,0.5866666666666667,0.41,True
tcn,20261002,30,europe,dragon,0.5011872336272725,0.14557188956615275,0.9953333333333333,0.6093333333333333,0.386,True
tcn,20261002,30,overall,teamfight,0.31622776601683794,0.02535993937863097,0.6393333333333333,0.4573333333333333,0.182,True
tcn,20261002,30,americas,teamfight,0.31622776601683794,0.025160435978404807,0.642,0.448,0.194,True
tcn,20261002,30,europe,teamfight,0.31622776601683794,0.02555622369212267,0.6366666666666667,0.4666666666666667,0.17,True
tcn,20261002,60,overall,baron,0.2818382931264455,0.25948781240357915,0.9876666666666667,0.7123333333333334,0.2753333333333333,False
tcn,20261002,60,americas,baron,0.2818382931264455,0.2575107296137339,1.034,0.7673333333333333,0.26666666666666666,False
tcn,20261002,60,europe,baron,0.2818382931264455,0.26149068322981367,0.9413333333333334,0.6573333333333333,0.284,True
tcn,20261002,60,overall,dragon,0.7943282347242822,0.12340012357666166,0.7746666666666666,0.18,0.5946666666666667,True
tcn,20261002,60,americas,dragon,0.7943282347242822,0.11719700921578856,0.8113333333333334,0.188,0.6233333333333333,True
tcn,20261002,60,europe,dragon,0.7943282347242822,0.12979562567228398,0.738,0.172,0.566,True
tcn,20261002,60,overall,teamfight,0.5011872336272725,0.032482950239959583,0.5656666666666667,0.319,0.24666666666666667,True
tcn,20261002,60,americas,teamfight,0.5011872336272725,0.0320871956809616,0.586,0.3253333333333333,0.26066666666666666,True
tcn,20261002,60,europe,teamfight,0.5011872336272725,0.032872319102024455,0.5453333333333333,0.31266666666666665,0.23266666666666666,True
snapshot,20260930,30,overall,baron,0.14125375446227553,0.19191607528540575,0.987,0.8526666666666667,0.13433333333333333,False
snapshot,20260930,30,americas,baron,0.14125375446227553,0.18270999386879216,1.032,0.8993333333333333,0.13266666666666665,False
snapshot,20260930,30,europe,baron,0.14125375446227553,0.20124223602484473,0.942,0.806,0.136,True
snapshot,20260930,30,overall,dragon,0.5011872336272725,0.11986936181481155,0.8583333333333333,0.499,0.35933333333333334,True
snapshot,20260930,30,americas,dragon,0.5011872336272725,0.12032689966962268,0.8526666666666667,0.4866666666666667,0.366,True
snapshot,20260930,30,europe,dragon,0.5011872336272725,0.11939763356041593,0.864,0.5113333333333333,0.3526666666666667,True
snapshot,20260930,30,overall,teamfight,0.2818382931264455,0.025966153068956808,0.7873333333333333,0.6183333333333333,0.169,True
snapshot,20260930,30,americas,teamfight,0.2818382931264455,0.02729958235713558,0.828,0.6393333333333333,0.18866666666666668,True
snapshot,20260930,30,europe,teamfight,0.2818382931264455,0.02465423932651834,0.7466666666666667,0.5973333333333334,0.14933333333333335,True
snapshot,20260930,60,overall,baron,0.31622776601683794,0.2113545202098118,0.816,0.5846666666666667,0.23133333333333334,True
snapshot,20260930,60,americas,baron,0.31622776601683794,0.2164316370324954,0.8433333333333334,0.622,0.22133333333333333,True
snapshot,20260930,60,europe,baron,0.31622776601683794,0.2062111801242236,0.7886666666666666,0.5473333333333333,0.24133333333333334,True
snapshot,20260930,60,overall,dragon,0.7943282347242822,0.09833171506752582,0.5863333333333334,0.13966666666666666,0.44666666666666666,True
snapshot,20260930,60,americas,dragon,0.7943282347242822,0.09389671361502347,0.6113333333333333,0.14333333333333334,0.468,True
snapshot,20260930,60,europe,dragon,0.7943282347242822,0.10290426676228039,0.5613333333333334,0.136,0.42533333333333334,True
snapshot,20260930,60,overall,teamfight,0.4466835921509635,0.0417782268249558,0.817,0.5523333333333333,0.26466666666666666,True
snapshot,20260930,60,americas,teamfight,0.4466835921509635,0.043597840480798615,0.87,0.578,0.292,True
snapshot,20260930,60,europe,teamfight,0.4466835921509635,0.03998797354179194,0.764,0.5266666666666666,0.23733333333333334,True
snapshot,20261001,30,overall,baron,0.14125375446227553,0.18049984572662758,0.9123333333333333,0.78,0.13233333333333333,True
snapshot,20261001,30,americas,baron,0.14125375446227553,0.17167381974248927,0.9606666666666667,0.832,0.12866666666666668,True
snapshot,20261001,30,europe,baron,0.14125375446227553,0.18944099378881987,0.864,0.728,0.136,True
snapshot,20261001,30,overall,dragon,0.5011872336272725,0.11554417865654515,0.813,0.4713333333333333,0.3416666666666667,True
snapshot,20261001,30,americas,dragon,0.5011872336272725,0.1178925404277517,0.8066666666666666,0.462,0.3446666666666667,True
snapshot,20261001,30,europe,dragon,0.5011872336272725,0.11312298314808175,0.8193333333333334,0.4806666666666667,0.33866666666666667,True
snapshot,20261001,30,overall,teamfight,0.31622776601683794,0.025006314725940892,0.716,0.5646666666666667,0.15133333333333332,True
snapshot,20261001,30,americas,teamfight,0.31622776601683794,0.02628094122440664,0.74,0.572,0.168,True
snapshot,20261001,30,europe,teamfight,0.31622776601683794,0.023752254960914012,0.692,0.5573333333333333,0.13466666666666666,True
snapshot,20261001,60,overall,baron,0.2818382931264455,0.2437519284171552,0.945,0.6943333333333334,0.25066666666666665,True
snapshot,20261001,60,americas,baron,0.2818382931264455,0.25076640098099323,0.9966666666666667,0.752,0.24466666666666667,True
snapshot,20261001,60,europe,baron,0.2818382931264455,0.23664596273291927,0.8933333333333333,0.6366666666666667,0.25666666666666665,True
snapshot,20261001,60,overall,dragon,0.7943282347242822,0.08420866802012535,0.526,0.11633333333333333,0.4096666666666667,True
snapshot,20261001,60,americas,dragon,0.7943282347242822,0.07842114414884369,0.5613333333333334,0.126,0.43533333333333335,True
snapshot,20261001,60,europe,dragon,0.7943282347242822,0.09017569021154535,0.49066666666666664,0.10666666666666667,0.384,True
snapshot,20261001,60,overall,teamfight,0.5011872336272725,0.023692851730234908,0.49533333333333335,0.314,0.18133333333333335,True
snapshot,20261001,60,americas,teamfight,0.5011872336272725,0.0252623000916777,0.5293333333333333,0.3293333333333333,0.2,True
snapshot,20261001,60,europe,teamfight,0.5011872336272725,0.02214872719983965,0.4613333333333333,0.2986666666666667,0.16266666666666665,True
snapshot,20261002,30,overall,baron,0.15848931924611143,0.18667078062326442,0.942,0.81,0.132,True
snapshot,20261002,30,americas,baron,0.15848931924611143,0.17657878602084612,0.994,0.8646666666666667,0.12933333333333333,True
snapshot,20261002,30,europe,baron,0.15848931924611143,0.1968944099378882,0.89,0.7553333333333333,0.13466666666666666,True
snapshot,20261002,30,overall,dragon,0.5011872336272725,0.11686821431723894,0.808,0.4673333333333333,0.3406666666666667,True
snapshot,20261002,30,americas,dragon,0.5011872336272725,0.11858807163971483,0.8093333333333333,0.458,0.35133333333333333,True
snapshot,20261002,30,europe,dragon,0.5011872336272725,0.11509501613481535,0.8066666666666666,0.4766666666666667,0.33,True
snapshot,20261002,30,overall,teamfight,0.2818382931264455,0.02672392018186411,0.777,0.613,0.164,True
snapshot,20261002,30,americas,teamfight,0.2818382931264455,0.02831822348986452,0.8246666666666667,0.642,0.18266666666666667,True
snapshot,20261002,30,europe,teamfight,0.2818382931264455,0.02515534175185408,0.7293333333333333,0.584,0.14533333333333334,True
snapshot,20261002,60,overall,baron,0.31622776601683794,0.236346806541191,0.907,0.664,0.243,True
snapshot,20261002,60,americas,baron,0.31622776601683794,0.23850398528510117,0.9453333333333334,0.7113333333333334,0.234,True
snapshot,20261002,60,europe,baron,0.31622776601683794,0.2341614906832298,0.8686666666666667,0.6166666666666667,0.252,True
snapshot,20261002,60,overall,dragon,0.7943282347242822,0.08482655132844912,0.5046666666666667,0.11466666666666667,0.39,True
snapshot,20261002,60,americas,dragon,0.7943282347242822,0.07981220657276995,0.5466666666666666,0.12733333333333333,0.41933333333333334,True
snapshot,20261002,60,europe,dragon,0.7943282347242822,0.08999641448547867,0.46266666666666667,0.102,0.3606666666666667,True
snapshot,20261002,60,overall,teamfight,0.4466835921509635,0.040666835059358426,0.7683333333333333,0.5166666666666667,0.25166666666666665,True
snapshot,20261002,60,americas,teamfight,0.4466835921509635,0.041356829988794946,0.8126666666666666,0.5333333333333333,0.2793333333333333,True
snapshot,20261002,60,europe,teamfight,0.4466835921509635,0.03998797354179194,0.724,0.5,0.224,True
