policy,horizon,budget,family,region,seed,event,burden,above_nominal,above_hard_one
regional_deterministic,30,1.0,leagueews,europe,20260930,baron,1.0093333333333334,0.009333333333333416,True
regional_deterministic,30,1.0,leagueews,europe,20261002,baron,1.0066666666666666,0.006666666666666599,True
regional_deterministic,30,0.25,tcn,europe,20260930,baron,0.254,0.0040000000000000036,False
regional_deterministic,30,0.75,timely_tcn,europe,20261001,baron,0.7533333333333333,0.0033333333333332993,False
regional_deterministic,30,1.0,timely_tcn,europe,20261002,baron,1.0086666666666666,0.0086666666666666,True
matched_early_mixture,30,0.25,leagueews,europe,20260930,baron,0.25090460878885246,0.0009046087888524568,False
matched_early_mixture,30,0.25,leagueews,europe,20260930,dragon,0.2552511415525119,0.005251141552511884,False
matched_early_mixture,30,0.5,leagueews,europe,20260930,baron,0.5091229454306391,0.009122945430639073,False
matched_early_mixture,30,0.5,leagueews,europe,20260930,dragon,0.5105022831050238,0.010502283105023769,False
matched_early_mixture,30,0.5,leagueews,europe,20261002,dragon,0.5038250106700839,0.003825010670083895,False
matched_early_mixture,30,0.75,leagueews,europe,20260930,baron,0.7581367521367514,0.008136752136751357,False
matched_early_mixture,30,0.75,leagueews,europe,20260930,dragon,0.7663392504930974,0.016339250493097368,False
matched_early_mixture,30,0.75,leagueews,europe,20261001,dragon,0.7626260869565188,0.01262608695651879,False
matched_early_mixture,30,0.75,leagueews,europe,20261002,baron,0.7561358024691371,0.0061358024691371416,False
matched_early_mixture,30,0.75,leagueews,europe,20261002,dragon,0.7701502347417876,0.020150234741787565,False
matched_early_mixture,30,1.0,leagueews,europe,20260930,baron,1.0090293040293,0.009029304029299912,True
matched_early_mixture,30,1.0,leagueews,europe,20260930,dragon,1.025398527865412,0.02539852786541208,True
matched_early_mixture,30,1.0,leagueews,europe,20261001,baron,1.0129588431590704,0.012958843159070366,True
matched_early_mixture,30,1.0,leagueews,europe,20261001,dragon,1.0030370370370325,0.0030370370370325084,True
matched_early_mixture,30,1.0,leagueews,europe,20261002,baron,1.0100000000000036,0.010000000000003562,True
matched_early_mixture,30,1.0,leagueews,europe,20261002,dragon,1.0217482269503497,0.021748226950349725,True
matched_early_mixture,30,0.25,tcn,europe,20260930,baron,0.2558571428571429,0.005857142857142894,False
matched_early_mixture,30,0.25,tcn,europe,20260930,dragon,0.25397157190635367,0.003971571906353666,False
matched_early_mixture,30,0.25,tcn,europe,20261001,baron,0.2601145194274026,0.010114519427402602,False
matched_early_mixture,30,0.25,tcn,europe,20261002,baron,0.251333333333334,0.0013333333333340192,False
matched_early_mixture,30,0.25,tcn,europe,20261002,dragon,0.2539580052493443,0.00395800524934431,False
matched_early_mixture,30,0.5,tcn,europe,20260930,baron,0.501137254901961,0.0011372549019610378,False
matched_early_mixture,30,0.5,tcn,europe,20260930,dragon,0.5079431438127073,0.007943143812707332,False
matched_early_mixture,30,0.5,tcn,europe,20261001,baron,0.5170081871345011,0.01700818713450114,False
matched_early_mixture,30,0.5,tcn,europe,20261002,baron,0.5054871794871774,0.005487179487177363,False
matched_early_mixture,30,0.5,tcn,europe,20261002,dragon,0.5085511811023616,0.008551181102361638,False
matched_early_mixture,30,0.75,tcn,europe,20260930,baron,0.7618257575757559,0.01182575757575588,False
matched_early_mixture,30,0.75,tcn,europe,20260930,dragon,0.7619147157190621,0.011914715719062108,False
matched_early_mixture,30,0.75,tcn,europe,20261001,baron,0.7666048109965661,0.016604810996566077,False
matched_early_mixture,30,0.75,tcn,europe,20261001,dragon,0.7571720430107556,0.00717204301075558,False
matched_early_mixture,30,0.75,tcn,europe,20261002,baron,0.7965463510848119,0.046546351084811866,False
matched_early_mixture,30,0.75,tcn,europe,20261002,dragon,0.7631443569553824,0.013144356955382408,False
matched_early_mixture,30,1.0,tcn,europe,20260930,dragon,1.0132457142857139,0.013245714285713861,True
matched_early_mixture,30,1.0,tcn,europe,20261001,baron,1.0236105877074921,0.023610587707492137,True
matched_early_mixture,30,1.0,tcn,europe,20261001,dragon,1.0104886606760783,0.010488660676078343,True
matched_early_mixture,30,1.0,tcn,europe,20261002,baron,1.0231970534069947,0.02319705340699474,True
matched_early_mixture,30,1.0,tcn,europe,20261002,dragon,1.0167047619047604,0.016704761904760446,True
matched_early_mixture,30,0.25,timely_leagueews,europe,20260930,dragon,0.26465517241379427,0.01465517241379427,False
matched_early_mixture,30,0.25,timely_leagueews,europe,20261001,dragon,0.26231780167263946,0.012317801672639461,False
matched_early_mixture,30,0.5,timely_leagueews,europe,20260930,baron,0.5047972508591047,0.004797250859104651,False
matched_early_mixture,30,0.5,timely_leagueews,europe,20260930,dragon,0.5224190476190466,0.02241904761904656,False
matched_early_mixture,30,0.5,timely_leagueews,europe,20261001,dragon,0.5041398865784481,0.004139886578448104,False
matched_early_mixture,30,0.5,timely_leagueews,europe,20261002,dragon,0.5059167999999997,0.005916799999999722,False
matched_early_mixture,30,0.75,timely_leagueews,europe,20260930,baron,0.7630648769574967,0.013064876957496696,False
matched_early_mixture,30,0.75,timely_leagueews,europe,20260930,dragon,0.7743670995670979,0.024367099567097927,False
matched_early_mixture,30,0.75,timely_leagueews,europe,20261001,baron,0.7597692307692341,0.009769230769234083,False
matched_early_mixture,30,0.75,timely_leagueews,europe,20261002,baron,0.7616268343815499,0.011626834381549878,False
matched_early_mixture,30,1.0,timely_leagueews,europe,20260930,baron,1.0012800000000015,0.0012800000000015022,True
matched_early_mixture,30,1.0,timely_leagueews,europe,20260930,dragon,1.0263151515151525,0.026315151515152513,True
matched_early_mixture,30,1.0,timely_leagueews,europe,20261001,baron,1.0118551236749103,0.011855123674910262,True
matched_early_mixture,30,1.0,timely_leagueews,europe,20261001,dragon,1.0054436450839324,0.005443645083932358,True
matched_early_mixture,30,1.0,timely_leagueews,europe,20261002,baron,1.0149222577209758,0.014922257720975773,True
matched_early_mixture,30,0.25,timely_tcn,europe,20260930,baron,0.25846302250803904,0.008463022508039042,False
matched_early_mixture,30,0.25,timely_tcn,europe,20260930,dragon,0.2551699489423764,0.005169948942376379,False
matched_early_mixture,30,0.25,timely_tcn,europe,20261001,baron,0.2592121212121219,0.009212121212121893,False
matched_early_mixture,30,0.25,timely_tcn,europe,20261001,dragon,0.25441833810888115,0.004418338108881148,False
matched_early_mixture,30,0.25,timely_tcn,europe,20261002,baron,0.2562542955326453,0.006254295532645282,False
matched_early_mixture,30,0.25,timely_tcn,europe,20261002,dragon,0.2565514592933933,0.006551459293393291,False
matched_early_mixture,30,0.5,timely_tcn,europe,20260930,baron,0.5207097435897418,0.020709743589741758,False
matched_early_mixture,30,0.5,timely_tcn,europe,20260930,dragon,0.5073603936039374,0.007360393603937365,False
matched_early_mixture,30,0.5,timely_tcn,europe,20261001,baron,0.5176543209876555,0.017654320987655514,False
matched_early_mixture,30,0.5,timely_tcn,europe,20261002,baron,0.507725490196077,0.007725490196077045,False
matched_early_mixture,30,0.5,timely_tcn,europe,20261002,dragon,0.5085331369661297,0.008533136966129673,False
matched_early_mixture,30,0.75,timely_tcn,europe,20260930,baron,0.765319148936172,0.015319148936172033,False
matched_early_mixture,30,0.75,timely_tcn,europe,20261001,baron,0.7855480984340064,0.035548098434006414,False
matched_early_mixture,30,0.75,timely_tcn,europe,20261002,baron,0.7620745098039251,0.012074509803925104,False
matched_early_mixture,30,1.0,timely_tcn,europe,20260930,baron,1.0116250000000018,0.011625000000001773,True
matched_early_mixture,30,1.0,timely_tcn,europe,20261001,baron,1.0217233906947103,0.0217233906947103,True
matched_early_mixture,30,1.0,timely_tcn,europe,20261002,baron,1.0171939393939398,0.01719393939393976,True
dense_deterministic,30,0.75,leagueews,europe,20261001,dragon,0.752,0.0020000000000000018,False
dense_deterministic,30,0.75,leagueews,europe,20261002,dragon,0.7653333333333333,0.01533333333333331,False
dense_deterministic,30,1.0,leagueews,europe,20260930,dragon,1.0093333333333334,0.009333333333333416,True
dense_deterministic,30,1.0,leagueews,europe,20261001,dragon,1.0093333333333334,0.009333333333333416,True
dense_deterministic,30,1.0,leagueews,europe,20261002,dragon,1.0146666666666666,0.014666666666666606,True
dense_deterministic,30,0.75,tcn,europe,20260930,dragon,0.7633333333333333,0.013333333333333308,False
dense_deterministic,30,0.75,tcn,europe,20261002,dragon,0.7546666666666667,0.004666666666666708,False
dense_deterministic,30,1.0,tcn,europe,20260930,dragon,1.0026666666666666,0.002666666666666595,True
dense_deterministic,30,1.0,tcn,europe,20261001,dragon,1.0026666666666666,0.002666666666666595,True
dense_deterministic,30,0.25,timely_leagueews,europe,20260930,dragon,0.258,0.008000000000000007,False
dense_deterministic,30,1.0,timely_leagueews,europe,20261001,dragon,1.0006666666666666,0.0006666666666665932,True
dense_deterministic,30,0.25,timely_tcn,europe,20261001,dragon,0.25333333333333335,0.003333333333333355,False
dense_deterministic,30,0.25,timely_tcn,europe,20261002,dragon,0.272,0.02200000000000002,False
dense_regional_deterministic,30,0.5,leagueews,europe,20260930,baron,0.5026666666666667,0.002666666666666706,False
dense_regional_deterministic,30,0.75,leagueews,europe,20261001,dragon,0.752,0.0020000000000000018,False
dense_regional_deterministic,30,0.75,leagueews,europe,20261002,baron,0.756,0.006000000000000005,False
dense_regional_deterministic,30,0.75,leagueews,europe,20261002,dragon,0.7653333333333333,0.01533333333333331,False
dense_regional_deterministic,30,1.0,leagueews,europe,20260930,dragon,1.0093333333333334,0.009333333333333416,True
dense_regional_deterministic,30,1.0,leagueews,europe,20261001,baron,1.0113333333333334,0.011333333333333417,True
dense_regional_deterministic,30,1.0,leagueews,europe,20261001,dragon,1.0093333333333334,0.009333333333333416,True
dense_regional_deterministic,30,1.0,leagueews,europe,20261002,baron,1.0066666666666666,0.006666666666666599,True
dense_regional_deterministic,30,1.0,leagueews,europe,20261002,dragon,1.0146666666666666,0.014666666666666606,True
dense_regional_deterministic,30,0.25,tcn,europe,20260930,baron,0.254,0.0040000000000000036,False
dense_regional_deterministic,30,0.25,tcn,europe,20261001,baron,0.254,0.0040000000000000036,False
dense_regional_deterministic,30,0.5,tcn,europe,20261001,baron,0.5006666666666667,0.0006666666666667043,False
dense_regional_deterministic,30,0.5,tcn,europe,20261002,baron,0.5046666666666667,0.004666666666666708,False
dense_regional_deterministic,30,0.75,tcn,europe,20260930,baron,0.764,0.014000000000000012,False
dense_regional_deterministic,30,0.75,tcn,europe,20260930,dragon,0.7633333333333333,0.013333333333333308,False
dense_regional_deterministic,30,0.75,tcn,europe,20261001,baron,0.7566666666666667,0.00666666666666671,False
dense_regional_deterministic,30,0.75,tcn,europe,20261002,baron,0.7913333333333333,0.04133333333333333,False
dense_regional_deterministic,30,0.75,tcn,europe,20261002,dragon,0.7546666666666667,0.004666666666666708,False
dense_regional_deterministic,30,1.0,tcn,europe,20260930,dragon,1.0026666666666666,0.002666666666666595,True
dense_regional_deterministic,30,1.0,tcn,europe,20261001,baron,1.0066666666666666,0.006666666666666599,True
dense_regional_deterministic,30,1.0,tcn,europe,20261001,dragon,1.0026666666666666,0.002666666666666595,True
dense_regional_deterministic,30,1.0,tcn,europe,20261002,baron,1.0146666666666666,0.014666666666666606,True
dense_regional_deterministic,30,0.25,timely_leagueews,europe,20260930,dragon,0.258,0.008000000000000007,False
dense_regional_deterministic,30,0.75,timely_leagueews,europe,20260930,baron,0.764,0.014000000000000012,False
dense_regional_deterministic,30,0.75,timely_leagueews,europe,20261001,baron,0.7606666666666667,0.010666666666666713,False
dense_regional_deterministic,30,0.75,timely_leagueews,europe,20261002,baron,0.7586666666666667,0.008666666666666711,False
dense_regional_deterministic,30,1.0,timely_leagueews,europe,20261001,dragon,1.0006666666666666,0.0006666666666665932,True
dense_regional_deterministic,30,0.25,timely_tcn,europe,20260930,baron,0.25133333333333335,0.001333333333333353,False
dense_regional_deterministic,30,0.25,timely_tcn,europe,20260930,dragon,0.27,0.020000000000000018,False
dense_regional_deterministic,30,0.25,timely_tcn,europe,20261001,baron,0.25733333333333336,0.007333333333333358,False
dense_regional_deterministic,30,0.25,timely_tcn,europe,20261001,dragon,0.25333333333333335,0.003333333333333355,False
dense_regional_deterministic,30,0.25,timely_tcn,europe,20261002,baron,0.254,0.0040000000000000036,False
dense_regional_deterministic,30,0.25,timely_tcn,europe,20261002,dragon,0.272,0.02200000000000002,False
dense_regional_deterministic,30,0.5,timely_tcn,europe,20260930,baron,0.514,0.014000000000000012,False
dense_regional_deterministic,30,0.5,timely_tcn,europe,20261001,baron,0.508,0.008000000000000007,False
dense_regional_deterministic,30,0.5,timely_tcn,europe,20261002,baron,0.5073333333333333,0.007333333333333303,False
dense_regional_deterministic,30,0.75,timely_tcn,europe,20260930,baron,0.7646666666666667,0.014666666666666717,False
dense_regional_deterministic,30,0.75,timely_tcn,europe,20261001,baron,0.7726666666666666,0.022666666666666613,False
dense_regional_deterministic,30,0.75,timely_tcn,europe,20261002,baron,0.7673333333333333,0.01733333333333331,False
dense_regional_deterministic,30,1.0,timely_tcn,europe,20260930,baron,1.004,0.0040000000000000036,True
dense_regional_deterministic,30,1.0,timely_tcn,europe,20261001,baron,1.0193333333333334,0.019333333333333425,True
dense_regional_deterministic,30,1.0,timely_tcn,europe,20261002,baron,1.0086666666666666,0.0086666666666666,True
regional_deterministic,60,0.5,tcn,europe,20261001,baron,0.5146666666666667,0.014666666666666717,False
regional_deterministic,60,0.75,tcn,europe,20261002,baron,0.7586666666666667,0.008666666666666711,False
regional_deterministic,60,1.0,tcn,europe,20260930,baron,1.0153333333333334,0.015333333333333421,True
regional_deterministic,60,0.25,timely_leagueews,europe,20260930,baron,0.278,0.028000000000000025,False
regional_deterministic,60,0.25,timely_leagueews,europe,20261002,teamfight,0.2653333333333333,0.01533333333333331,False
regional_deterministic,60,0.5,timely_leagueews,europe,20260930,baron,0.5206666666666667,0.020666666666666722,False
regional_deterministic,60,0.75,timely_leagueews,europe,20260930,baron,0.7693333333333333,0.019333333333333313,False
regional_deterministic,60,1.0,timely_tcn,europe,20261002,baron,1.0093333333333334,0.009333333333333416,True
matched_early_mixture,60,0.25,leagueews,europe,20260930,baron,0.2509765625,0.0009765625,False
matched_early_mixture,60,0.25,leagueews,europe,20261002,baron,0.251840168243955,0.0018401682439549982,False
matched_early_mixture,60,0.25,leagueews,europe,20261002,dragon,0.2511377741001241,0.0011377741001241115,False
matched_early_mixture,60,0.5,leagueews,europe,20260930,baron,0.501953125,0.001953125,False
matched_early_mixture,60,0.5,leagueews,europe,20261002,baron,0.50368033648791,0.0036803364879099965,False
matched_early_mixture,60,0.5,leagueews,europe,20261002,dragon,0.5022755482002482,0.002275548200248223,False
matched_early_mixture,60,0.75,leagueews,europe,20260930,baron,0.7940465116279093,0.04404651162790929,False
matched_early_mixture,60,0.75,leagueews,europe,20261001,baron,0.7575438596491201,0.007543859649120077,False
matched_early_mixture,60,0.75,leagueews,europe,20261002,baron,0.7620626398210325,0.012062639821032506,False
matched_early_mixture,60,0.75,leagueews,europe,20261002,dragon,0.7534133223003743,0.0034133223003742774,False
matched_early_mixture,60,1.0,leagueews,europe,20260930,baron,1.0328349007314548,0.032834900731454786,True
matched_early_mixture,60,1.0,leagueews,europe,20261001,baron,1.0334403153153164,0.03344031531531644,True
matched_early_mixture,60,1.0,leagueews,europe,20261002,baron,1.028002237136463,0.028002237136462993,True
matched_early_mixture,60,1.0,leagueews,europe,20261002,dragon,1.0045510964004964,0.004551096400496446,True
matched_early_mixture,60,0.25,tcn,europe,20260930,baron,0.26281407035175774,0.012814070351757745,False
matched_early_mixture,60,0.25,tcn,europe,20261001,baron,0.2588682432432419,0.008868243243241924,False
matched_early_mixture,60,0.25,tcn,europe,20261001,dragon,0.2513167134831458,0.001316713483145826,False
matched_early_mixture,60,0.25,tcn,europe,20261002,baron,0.26337461491065944,0.013374614910659444,False
matched_early_mixture,60,0.5,tcn,europe,20260930,baron,0.5256281407035155,0.02562814070351549,False
matched_early_mixture,60,0.5,tcn,europe,20261001,baron,0.5177364864864838,0.01773648648648385,False
matched_early_mixture,60,0.5,tcn,europe,20261001,dragon,0.5026334269662917,0.002633426966291652,False
matched_early_mixture,60,0.5,tcn,europe,20261002,baron,0.5260825631546522,0.026082563154652183,False
matched_early_mixture,60,0.75,tcn,europe,20260930,baron,0.7798002936857568,0.029800293685756762,False
matched_early_mixture,60,0.75,tcn,europe,20261001,baron,0.7766047297297288,0.026604729729728827,False
matched_early_mixture,60,0.75,tcn,europe,20261001,dragon,0.7539501404494364,0.003950140449436423,False
matched_early_mixture,60,0.75,tcn,europe,20261002,baron,0.7859582898852999,0.03595828988529992,False
matched_early_mixture,60,1.0,tcn,europe,20260930,baron,1.0274294294294275,0.0274294294294275,True
matched_early_mixture,60,1.0,tcn,europe,20261001,baron,1.030574432010852,0.03057443201085208,True
matched_early_mixture,60,1.0,tcn,europe,20261001,dragon,1.0052668539325833,0.005266853932583304,True
matched_early_mixture,60,1.0,tcn,europe,20261002,baron,1.0239666319082394,0.023966631908239444,True
matched_early_mixture,60,0.25,timely_leagueews,europe,20260930,baron,0.2814966378482245,0.031496637848224485,False
matched_early_mixture,60,0.25,timely_leagueews,europe,20260930,teamfight,0.2581521252796422,0.008152125279642208,False
matched_early_mixture,60,0.25,timely_leagueews,europe,20261001,baron,0.2613630017452011,0.011363001745201107,False
matched_early_mixture,60,0.25,timely_leagueews,europe,20261001,teamfight,0.257408388520971,0.0074083885209709766,False
matched_early_mixture,60,0.25,timely_leagueews,europe,20261002,baron,0.25814234234234207,0.008142342342342068,False
matched_early_mixture,60,0.25,timely_leagueews,europe,20261002,teamfight,0.2703076923076926,0.020307692307692582,False
matched_early_mixture,60,0.5,timely_leagueews,europe,20260930,baron,0.5414940778341802,0.04149407783418024,False
matched_early_mixture,60,0.5,timely_leagueews,europe,20260930,teamfight,0.506442415017759,0.006442415017758996,False
matched_early_mixture,60,0.5,timely_leagueews,europe,20261001,baron,0.5189237252423109,0.018923725242310896,False
matched_early_mixture,60,0.5,timely_leagueews,europe,20261002,baron,0.5263437037037049,0.026343703703704868,False
matched_early_mixture,60,0.5,timely_leagueews,europe,20261002,teamfight,0.5034807692307718,0.0034807692307717852,False
matched_early_mixture,60,0.75,timely_leagueews,europe,20260930,baron,0.7777286432160784,0.027728643216078375,False
matched_early_mixture,60,0.75,timely_leagueews,europe,20260930,teamfight,0.7539536541889471,0.003953654188947109,False
matched_early_mixture,60,0.75,timely_leagueews,europe,20261001,baron,0.7736645596291593,0.023664559629159254,False
matched_early_mixture,60,0.75,timely_leagueews,europe,20261002,baron,0.7830154525386298,0.03301545253862981,False
matched_early_mixture,60,1.0,timely_leagueews,europe,20260930,baron,1.002603015075374,0.002603015075373971,True
matched_early_mixture,60,1.0,timely_leagueews,europe,20261001,baron,1.0328877374784098,0.032887737478409784,True
matched_early_mixture,60,1.0,timely_leagueews,europe,20261002,baron,1.0201632653061214,0.020163265306121447,True
matched_early_mixture,60,0.25,timely_tcn,europe,20260930,baron,0.25742574257425654,0.007425742574256544,False
matched_early_mixture,60,0.25,timely_tcn,europe,20261001,baron,0.25800919540229855,0.008009195402298552,False
matched_early_mixture,60,0.25,timely_tcn,europe,20261002,baron,0.2611832718327199,0.011183271832719888,False
matched_early_mixture,60,0.5,timely_tcn,europe,20260930,baron,0.5160677966101695,0.01606779661016955,False
matched_early_mixture,60,0.5,timely_tcn,europe,20261001,baron,0.5103866084425047,0.010386608442504719,False
matched_early_mixture,60,0.5,timely_tcn,europe,20261002,baron,0.5194858548585495,0.01948585485854948,False
matched_early_mixture,60,0.75,timely_tcn,europe,20260930,baron,0.7706973684210547,0.02069736842105474,False
matched_early_mixture,60,0.75,timely_tcn,europe,20261001,baron,0.7654084425036379,0.015408442503637931,False
matched_early_mixture,60,0.75,timely_tcn,europe,20261002,baron,0.7756297814207681,0.025629781420768105,False
matched_early_mixture,60,1.0,timely_tcn,europe,20260930,baron,1.0177368421052595,0.017736842105259498,True
matched_early_mixture,60,1.0,timely_tcn,europe,20261001,baron,1.0204302765647744,0.020430276564774363,True
matched_early_mixture,60,1.0,timely_tcn,europe,20261002,baron,1.026780198019803,0.026780198019803025,True
dense_deterministic,60,0.25,timely_leagueews,europe,20260930,baron,0.25333333333333335,0.003333333333333355,False
dense_deterministic,60,0.5,timely_leagueews,europe,20261002,baron,0.5013333333333333,0.0013333333333332975,False
dense_regional_deterministic,60,0.25,leagueews,europe,20260930,baron,0.25266666666666665,0.0026666666666666505,False
dense_regional_deterministic,60,0.25,leagueews,europe,20261001,baron,0.25133333333333335,0.001333333333333353,False
dense_regional_deterministic,60,0.75,leagueews,europe,20260930,baron,0.778,0.028000000000000025,False
dense_regional_deterministic,60,0.75,leagueews,europe,20261002,baron,0.756,0.006000000000000005,False
dense_regional_deterministic,60,1.0,leagueews,europe,20260930,baron,1.0113333333333334,0.011333333333333417,True
dense_regional_deterministic,60,1.0,leagueews,europe,20260930,dragon,1.002,0.0020000000000000018,True
dense_regional_deterministic,60,1.0,leagueews,europe,20261001,baron,1.004,0.0040000000000000036,True
dense_regional_deterministic,60,1.0,leagueews,europe,20261002,baron,1.0193333333333334,0.019333333333333425,True
dense_regional_deterministic,60,0.25,tcn,europe,20260930,baron,0.2633333333333333,0.013333333333333308,False
dense_regional_deterministic,60,0.25,tcn,europe,20260930,dragon,0.254,0.0040000000000000036,False
dense_regional_deterministic,60,0.25,tcn,europe,20261001,baron,0.2613333333333333,0.011333333333333306,False
dense_regional_deterministic,60,0.5,tcn,europe,20260930,baron,0.5126666666666667,0.012666666666666715,False
dense_regional_deterministic,60,0.5,tcn,europe,20261001,baron,0.5146666666666667,0.014666666666666717,False
dense_regional_deterministic,60,0.5,tcn,europe,20261001,dragon,0.504,0.0040000000000000036,False
dense_regional_deterministic,60,0.5,tcn,europe,20261002,baron,0.5113333333333333,0.011333333333333306,False
dense_regional_deterministic,60,0.5,tcn,europe,20261002,dragon,0.508,0.008000000000000007,False
dense_regional_deterministic,60,0.75,tcn,europe,20260930,baron,0.77,0.020000000000000018,False
dense_regional_deterministic,60,0.75,tcn,europe,20261002,baron,0.7726666666666666,0.022666666666666613,False
dense_regional_deterministic,60,1.0,tcn,europe,20260930,baron,1.0286666666666666,0.028666666666666618,True
dense_regional_deterministic,60,1.0,tcn,europe,20260930,dragon,1.0153333333333334,0.015333333333333421,True
dense_regional_deterministic,60,1.0,tcn,europe,20261001,baron,1.0286666666666666,0.028666666666666618,True
dense_regional_deterministic,60,1.0,tcn,europe,20261002,baron,1.018,0.018000000000000016,True
dense_regional_deterministic,60,1.0,tcn,europe,20261002,dragon,1.0113333333333334,0.011333333333333417,True
dense_regional_deterministic,60,0.25,timely_leagueews,europe,20260930,baron,0.278,0.028000000000000025,False
dense_regional_deterministic,60,0.25,timely_leagueews,europe,20260930,teamfight,0.252,0.0020000000000000018,False
dense_regional_deterministic,60,0.25,timely_leagueews,europe,20261001,baron,0.25733333333333336,0.007333333333333358,False
dense_regional_deterministic,60,0.25,timely_leagueews,europe,20261002,teamfight,0.2653333333333333,0.01533333333333331,False
dense_regional_deterministic,60,0.5,timely_leagueews,europe,20260930,baron,0.5206666666666667,0.020666666666666722,False
dense_regional_deterministic,60,0.5,timely_leagueews,europe,20261002,baron,0.5013333333333333,0.0013333333333332975,False
dense_regional_deterministic,60,0.75,timely_leagueews,europe,20260930,baron,0.7693333333333333,0.019333333333333313,False
dense_regional_deterministic,60,0.75,timely_leagueews,europe,20261001,baron,0.7693333333333333,0.019333333333333313,False
dense_regional_deterministic,60,0.75,timely_leagueews,europe,20261002,baron,0.7973333333333333,0.04733333333333334,False
dense_regional_deterministic,60,1.0,timely_leagueews,europe,20261001,baron,1.0386666666666666,0.03866666666666663,True
dense_regional_deterministic,60,1.0,timely_leagueews,europe,20261002,baron,1.0193333333333334,0.019333333333333425,True
dense_regional_deterministic,60,0.5,timely_tcn,europe,20260930,baron,0.514,0.014000000000000012,False
dense_regional_deterministic,60,0.5,timely_tcn,europe,20261001,baron,0.5066666666666667,0.00666666666666671,False
dense_regional_deterministic,60,0.75,timely_tcn,europe,20260930,baron,0.7593333333333333,0.009333333333333305,False
dense_regional_deterministic,60,0.75,timely_tcn,europe,20261001,baron,0.7626666666666667,0.012666666666666715,False
dense_regional_deterministic,60,1.0,timely_tcn,europe,20261001,baron,1.0033333333333334,0.0033333333333334103,True
dense_regional_deterministic,60,1.0,timely_tcn,europe,20261002,baron,1.0093333333333334,0.009333333333333416,True
deterministic,30,0.5,leagueews,americas,20261002,baron,0.53,0.030000000000000027,False
deterministic,30,0.75,leagueews,americas,20260930,baron,0.768,0.018000000000000016,False
deterministic,30,1.0,leagueews,americas,20261001,baron,1.0113333333333334,0.011333333333333417,True
deterministic,30,0.5,tcn,americas,20260930,baron,0.5366666666666666,0.036666666666666625,False
deterministic,30,0.5,tcn,americas,20261002,baron,0.5026666666666667,0.002666666666666706,False
deterministic,30,0.75,tcn,americas,20260930,baron,0.8126666666666666,0.06266666666666665,False
deterministic,30,0.75,tcn,americas,20261002,baron,0.778,0.028000000000000025,False
deterministic,30,1.0,tcn,americas,20260930,baron,1.02,0.020000000000000018,True
deterministic,30,1.0,tcn,americas,20261001,baron,1.026,0.026000000000000023,True
deterministic,30,1.0,tcn,americas,20261002,baron,1.004,0.0040000000000000036,True
deterministic,30,0.5,timely_leagueews,americas,20261001,baron,0.52,0.020000000000000018,False
deterministic,30,1.0,timely_leagueews,americas,20260930,baron,1.0573333333333332,0.057333333333333236,True
deterministic,30,0.25,timely_tcn,americas,20260930,baron,0.26666666666666666,0.016666666666666663,False
deterministic,30,0.5,timely_tcn,americas,20260930,baron,0.5066666666666667,0.00666666666666671,False
deterministic,30,0.5,timely_tcn,americas,20261002,baron,0.51,0.010000000000000009,False
deterministic,30,0.75,timely_tcn,americas,20260930,baron,0.7626666666666667,0.012666666666666715,False
deterministic,30,1.0,timely_tcn,americas,20261001,baron,1.0406666666666666,0.04066666666666663,True
regional_deterministic,30,0.5,leagueews,americas,20260930,dragon,0.5066666666666667,0.00666666666666671,False
regional_deterministic,30,0.5,leagueews,americas,20261002,baron,0.53,0.030000000000000027,False
regional_deterministic,30,0.75,leagueews,americas,20260930,baron,0.768,0.018000000000000016,False
regional_deterministic,30,1.0,leagueews,americas,20261001,baron,1.0113333333333334,0.011333333333333417,True
regional_deterministic,30,0.5,tcn,americas,20260930,baron,0.5366666666666666,0.036666666666666625,False
regional_deterministic,30,0.5,tcn,americas,20261002,baron,0.5026666666666667,0.002666666666666706,False
regional_deterministic,30,0.75,tcn,americas,20260930,baron,0.8126666666666666,0.06266666666666665,False
regional_deterministic,30,0.75,tcn,americas,20261002,baron,0.778,0.028000000000000025,False
regional_deterministic,30,1.0,tcn,americas,20260930,baron,1.02,0.020000000000000018,True
regional_deterministic,30,1.0,tcn,americas,20261001,baron,1.026,0.026000000000000023,True
regional_deterministic,30,1.0,tcn,americas,20261002,baron,1.004,0.0040000000000000036,True
regional_deterministic,30,0.5,timely_leagueews,americas,20261001,baron,0.52,0.020000000000000018,False
regional_deterministic,30,1.0,timely_leagueews,americas,20260930,baron,1.0573333333333332,0.057333333333333236,True
regional_deterministic,30,0.25,timely_tcn,americas,20260930,baron,0.26666666666666666,0.016666666666666663,False
regional_deterministic,30,0.5,timely_tcn,americas,20260930,baron,0.5066666666666667,0.00666666666666671,False
regional_deterministic,30,0.5,timely_tcn,americas,20261002,baron,0.51,0.010000000000000009,False
regional_deterministic,30,0.75,timely_tcn,americas,20260930,baron,0.7626666666666667,0.012666666666666715,False
regional_deterministic,30,1.0,timely_tcn,americas,20261001,baron,1.0406666666666666,0.04066666666666663,True
matched_early_mixture,30,0.25,leagueews,americas,20260930,baron,0.25142126789366126,0.00142126789366126,False
matched_early_mixture,30,0.25,leagueews,americas,20260930,dragon,0.2661064425770307,0.0161064425770307,False
matched_early_mixture,30,0.25,leagueews,americas,20260930,teamfight,0.28002621995629884,0.03002621995629884,False
matched_early_mixture,30,0.25,leagueews,americas,20261001,dragon,0.2805232558139548,0.03052325581395482,False
matched_early_mixture,30,0.25,leagueews,americas,20261001,teamfight,0.25859950248756264,0.008599502487562638,False
matched_early_mixture,30,0.25,leagueews,americas,20261002,baron,0.2530037453183525,0.003003745318352513,False
matched_early_mixture,30,0.25,leagueews,americas,20261002,dragon,0.28648068669527965,0.03648068669527965,False
matched_early_mixture,30,0.5,leagueews,americas,20260930,baron,0.5169147286821717,0.016914728682171698,False
matched_early_mixture,30,0.5,leagueews,americas,20260930,dragon,0.5311622418879084,0.031162241887908393,False
matched_early_mixture,30,0.5,leagueews,americas,20260930,teamfight,0.5407691187181347,0.04076911871813471,False
matched_early_mixture,30,0.5,leagueews,americas,20261001,baron,0.5064154589371999,0.006415458937199858,False
matched_early_mixture,30,0.5,leagueews,americas,20261001,dragon,0.5254766355140196,0.025476635514019574,False
matched_early_mixture,30,0.5,leagueews,americas,20261001,teamfight,0.5138855721393041,0.013885572139304081,False
matched_early_mixture,30,0.5,leagueews,americas,20261002,baron,0.5412587412587424,0.041258741258742404,False
matched_early_mixture,30,0.5,leagueews,americas,20261002,dragon,0.5233745704467354,0.02337457044673541,False
matched_early_mixture,30,0.75,leagueews,americas,20260930,baron,0.7699753086419733,0.019975308641973277,False
matched_early_mixture,30,0.75,leagueews,americas,20260930,dragon,0.7842424242424276,0.03424242424242763,False
matched_early_mixture,30,0.75,leagueews,americas,20260930,teamfight,0.8015120174799724,0.05151201747997236,False
matched_early_mixture,30,0.75,leagueews,americas,20261001,baron,0.7669329140461186,0.01693291404611863,False
matched_early_mixture,30,0.75,leagueews,americas,20261001,dragon,0.7625646316996249,0.01256463169962485,False
matched_early_mixture,30,0.75,leagueews,americas,20261001,teamfight,0.769171641791044,0.019171641791044025,False
matched_early_mixture,30,0.75,leagueews,americas,20261002,baron,0.7915600384245897,0.04156003842458966,False
matched_early_mixture,30,0.75,leagueews,americas,20261002,dragon,0.7804270042194111,0.030427004219411136,False
matched_early_mixture,30,1.0,leagueews,americas,20260930,baron,1.0328398950131223,0.032839895013122344,True
matched_early_mixture,30,1.0,leagueews,americas,20260930,dragon,1.0277158469945318,0.02771584699453178,True
matched_early_mixture,30,1.0,leagueews,americas,20260930,teamfight,1.0622549162418045,0.06225491624180446,True
matched_early_mixture,30,1.0,leagueews,americas,20261001,baron,1.0181823899371019,0.01818238993710186,True
matched_early_mixture,30,1.0,leagueews,americas,20261001,dragon,1.003751218114071,0.0037512181140710865,True
matched_early_mixture,30,1.0,leagueews,americas,20261001,teamfight,1.0244577114427909,0.024457711442790853,True
matched_early_mixture,30,1.0,leagueews,americas,20261002,baron,1.0458721461187166,0.045872146118716595,True
matched_early_mixture,30,1.0,leagueews,americas,20261002,dragon,1.029807760141086,0.029807760141085993,True
matched_early_mixture,30,1.0,leagueews,americas,20261002,teamfight,1.0223305670816032,0.022330567081603192,True
matched_early_mixture,30,0.25,tcn,americas,20260930,baron,0.26616091954023086,0.016160919540230856,False
matched_early_mixture,30,0.25,tcn,americas,20260930,dragon,0.2646875,0.01468750000000002,False
matched_early_mixture,30,0.25,tcn,americas,20260930,teamfight,0.2602292768959435,0.010229276895943495,False
matched_early_mixture,30,0.25,tcn,americas,20261001,baron,0.2651207729468606,0.015120772946860594,False
matched_early_mixture,30,0.25,tcn,americas,20261001,dragon,0.2715453194650824,0.021545319465082424,False
matched_early_mixture,30,0.25,tcn,americas,20261001,teamfight,0.2556642647451295,0.005664264745129488,False
matched_early_mixture,30,0.25,tcn,americas,20261002,baron,0.2671666666666665,0.017166666666666497,False
matched_early_mixture,30,0.25,tcn,americas,20261002,dragon,0.26880877742946707,0.018808777429467072,False
matched_early_mixture,30,0.25,tcn,americas,20261002,teamfight,0.25158730158730264,0.0015873015873026364,False
matched_early_mixture,30,0.5,tcn,americas,20260930,baron,0.5396913242009125,0.03969132420091248,False
matched_early_mixture,30,0.5,tcn,americas,20260930,dragon,0.529375,0.02937500000000004,False
matched_early_mixture,30,0.5,tcn,americas,20260930,teamfight,0.5167931136835856,0.016793113683585603,False
matched_early_mixture,30,0.5,tcn,americas,20261001,baron,0.5190053981106616,0.019005398110661598,False
matched_early_mixture,30,0.5,tcn,americas,20261001,dragon,0.5369528351881251,0.03695283518812509,False
matched_early_mixture,30,0.5,tcn,americas,20261001,teamfight,0.5088668267947687,0.00886682679476869,False
matched_early_mixture,30,0.5,tcn,americas,20261002,baron,0.5325333333333321,0.03253333333333208,False
matched_early_mixture,30,0.5,tcn,americas,20261002,dragon,0.5345212121212094,0.0345212121212094,False
matched_early_mixture,30,0.5,tcn,americas,20261002,teamfight,0.501851851851853,0.0018518518518529925,False
matched_early_mixture,30,0.75,tcn,americas,20260930,baron,0.8217092419522357,0.07170924195223571,False
matched_early_mixture,30,0.75,tcn,americas,20260930,dragon,0.7694843750000006,0.019484375000000553,False
matched_early_mixture,30,0.75,tcn,americas,20260930,teamfight,0.7734716533095873,0.023471653309587337,False
matched_early_mixture,30,0.75,tcn,americas,20261001,baron,0.7674871794871757,0.017487179487175708,False
matched_early_mixture,30,0.75,tcn,americas,20261001,dragon,0.7786062533121334,0.0286062533121334,False
matched_early_mixture,30,0.75,tcn,americas,20261001,teamfight,0.7620693888444102,0.012069388844410223,False
matched_early_mixture,30,0.75,tcn,americas,20261002,baron,0.8059939577039253,0.055993957703925346,False
matched_early_mixture,30,0.75,tcn,americas,20261002,dragon,0.7885817610062918,0.03858176100629185,False
matched_early_mixture,30,0.75,tcn,americas,20261002,teamfight,0.7582768942937319,0.008276894293731907,False
matched_early_mixture,30,1.0,tcn,americas,20260930,baron,1.063543859649125,0.0635438596491249,True
matched_early_mixture,30,1.0,tcn,americas,20260930,dragon,1.0233144058885413,0.02331440588854128,True
matched_early_mixture,30,1.0,tcn,americas,20260930,teamfight,1.0301501929355898,0.030150192935589848,True
matched_early_mixture,30,1.0,tcn,americas,20261001,baron,1.038208835341368,0.0382088353413681,True
matched_early_mixture,30,1.0,tcn,americas,20261001,dragon,1.0212189054726375,0.021218905472637495,True
matched_early_mixture,30,1.0,tcn,americas,20261001,teamfight,1.02078083989501,0.020780839895010006,True
matched_early_mixture,30,1.0,tcn,americas,20261002,baron,1.0640915750915776,0.06409157509157759,True
matched_early_mixture,30,1.0,tcn,americas,20261002,dragon,1.0306950757575726,0.030695075757572576,True
matched_early_mixture,30,1.0,tcn,americas,20261002,teamfight,1.0225425631431246,0.02254256314312464,True
matched_early_mixture,30,0.25,timely_leagueews,americas,20260930,baron,0.252,0.0020000000000000018,False
matched_early_mixture,30,0.25,timely_leagueews,americas,20260930,dragon,0.27580633147113537,0.02580633147113537,False
matched_early_mixture,30,0.25,timely_leagueews,americas,20261001,baron,0.26791256830601134,0.017912568306011345,False
matched_early_mixture,30,0.25,timely_leagueews,americas,20261001,dragon,0.25941463414634036,0.009414634146340362,False
matched_early_mixture,30,0.25,timely_leagueews,americas,20261002,baron,0.2564059139784947,0.006405913978494715,False
matched_early_mixture,30,0.25,timely_leagueews,americas,20261002,dragon,0.27448919753086404,0.024489197530864037,False
matched_early_mixture,30,0.5,timely_leagueews,americas,20260930,baron,0.5244902797534398,0.02449027975343976,False
matched_early_mixture,30,0.5,timely_leagueews,americas,20260930,dragon,0.5239305804907218,0.02393058049072183,False
matched_early_mixture,30,0.5,timely_leagueews,americas,20260930,teamfight,0.523529078014182,0.023529078014182025,False
matched_early_mixture,30,0.5,timely_leagueews,americas,20261001,baron,0.5290705754614563,0.029070575461456305,False
matched_early_mixture,30,0.5,timely_leagueews,americas,20261001,dragon,0.5039506641366196,0.003950664136619597,False
matched_early_mixture,30,0.5,timely_leagueews,americas,20261002,baron,0.5190071684587823,0.019007168458782253,False
matched_early_mixture,30,0.5,timely_leagueews,americas,20261002,dragon,0.5253991507430967,0.025399150743096732,False
matched_early_mixture,30,0.75,timely_leagueews,americas,20260930,baron,0.785870080606921,0.035870080606920984,False
matched_early_mixture,30,0.75,timely_leagueews,americas,20260930,dragon,0.7623632019115842,0.012363201911584243,False
matched_early_mixture,30,0.75,timely_leagueews,americas,20260930,teamfight,0.7777614942528706,0.027761494252870555,False
matched_early_mixture,30,0.75,timely_leagueews,americas,20261001,baron,0.7749989142236685,0.02499891422366851,False
matched_early_mixture,30,0.75,timely_leagueews,americas,20261001,dragon,0.7511043643263735,0.0011043643263735081,False
matched_early_mixture,30,0.75,timely_leagueews,americas,20261002,baron,0.7712473118279535,0.021247311827953475,False
matched_early_mixture,30,0.75,timely_leagueews,americas,20261002,dragon,0.7558927813163453,0.005892781316345297,False
matched_early_mixture,30,1.0,timely_leagueews,americas,20260930,baron,1.063081170168931,0.06308117016893089,True
matched_early_mixture,30,1.0,timely_leagueews,americas,20260930,dragon,1.0195316606929452,0.019531660692945207,True
matched_early_mixture,30,1.0,timely_leagueews,americas,20260930,teamfight,1.0159080459770145,0.01590804597701445,True
matched_early_mixture,30,1.0,timely_leagueews,americas,20261001,baron,1.020747126436785,0.02074712643678489,True
matched_early_mixture,30,1.0,timely_leagueews,americas,20261002,baron,1.0307368421052663,0.030736842105266282,True
matched_early_mixture,30,1.0,timely_leagueews,americas,20261002,dragon,1.0032483775811243,0.0032483775811242843,True
matched_early_mixture,30,1.0,timely_leagueews,americas,20261002,teamfight,1.0081280839894984,0.00812808398949838,True
matched_early_mixture,30,0.25,timely_tcn,americas,20260930,baron,0.27456410256410274,0.02456410256410274,False
matched_early_mixture,30,0.25,timely_tcn,americas,20260930,dragon,0.2527109004739324,0.0027109004739324094,False
matched_early_mixture,30,0.25,timely_tcn,americas,20261001,baron,0.25692537313432856,0.006925373134328561,False
matched_early_mixture,30,0.25,timely_tcn,americas,20261001,dragon,0.2660448717948733,0.016044871794873294,False
matched_early_mixture,30,0.25,timely_tcn,americas,20261001,teamfight,0.2670516934046349,0.017051693404634916,False
matched_early_mixture,30,0.25,timely_tcn,americas,20261002,baron,0.2632173913043474,0.013217391304347403,False
matched_early_mixture,30,0.25,timely_tcn,americas,20261002,dragon,0.26623948220064725,0.01623948220064725,False
matched_early_mixture,30,0.25,timely_tcn,americas,20261002,teamfight,0.2775470003208218,0.0275470003208218,False
matched_early_mixture,30,0.5,timely_tcn,americas,20260930,baron,0.5451161048689159,0.04511610486891593,False
matched_early_mixture,30,0.5,timely_tcn,americas,20260930,dragon,0.5104399008674123,0.01043990086741231,False
matched_early_mixture,30,0.5,timely_tcn,americas,20261001,baron,0.514979439252334,0.014979439252334026,False
matched_early_mixture,30,0.5,timely_tcn,americas,20261001,dragon,0.528039726877719,0.02803972687771905,False
matched_early_mixture,30,0.5,timely_tcn,americas,20261001,teamfight,0.5070347578347562,0.007034757834756156,False
matched_early_mixture,30,0.5,timely_tcn,americas,20261002,baron,0.5350847457627125,0.03508474576271248,False
matched_early_mixture,30,0.5,timely_tcn,americas,20261002,dragon,0.5184338308457732,0.018433830845773214,False
matched_early_mixture,30,0.5,timely_tcn,americas,20261002,teamfight,0.513591273660574,0.013591273660574,False
matched_early_mixture,30,0.75,timely_tcn,americas,20260930,baron,0.7937116104868925,0.04371161048689254,False
matched_early_mixture,30,0.75,timely_tcn,americas,20260930,dragon,0.7711276332094191,0.021127633209419128,False
matched_early_mixture,30,0.75,timely_tcn,americas,20261001,baron,0.7724560747663578,0.022456074766357803,False
matched_early_mixture,30,0.75,timely_tcn,americas,20261001,dragon,0.7841675895164244,0.0341675895164244,False
matched_early_mixture,30,0.75,timely_tcn,americas,20261001,teamfight,0.7536159544159544,0.0036159544159544144,False
matched_early_mixture,30,0.75,timely_tcn,americas,20261002,baron,0.7893220338983035,0.039322033898303466,False
matched_early_mixture,30,0.75,timely_tcn,americas,20261002,dragon,0.7744039800994992,0.02440398009949918,False
matched_early_mixture,30,1.0,timely_tcn,americas,20260930,baron,1.0341186943620204,0.03411869436202042,True
matched_early_mixture,30,1.0,timely_tcn,americas,20260930,dragon,1.018250156347718,0.018250156347717983,True
matched_early_mixture,30,1.0,timely_tcn,americas,20261001,baron,1.0500784313725473,0.050078431372547305,True
matched_early_mixture,30,1.0,timely_tcn,americas,20261001,dragon,1.0294610557401294,0.02946105574012936,True
matched_early_mixture,30,1.0,timely_tcn,americas,20261002,baron,1.0604345238095212,0.06043452380952119,True
matched_early_mixture,30,1.0,timely_tcn,americas,20261002,dragon,1.0251341393206685,0.025134139320668547,True
dense_deterministic,30,0.25,leagueews,americas,20260930,teamfight,0.256,0.006000000000000005,False
dense_deterministic,30,0.25,leagueews,americas,20261002,baron,0.25266666666666665,0.0026666666666666505,False
dense_deterministic,30,0.5,leagueews,americas,20260930,baron,0.5213333333333333,0.021333333333333315,False
dense_deterministic,30,0.5,leagueews,americas,20261001,baron,0.5053333333333333,0.005333333333333301,False
dense_deterministic,30,0.5,leagueews,americas,20261002,baron,0.5466666666666666,0.046666666666666634,False
dense_deterministic,30,0.75,leagueews,americas,20260930,baron,0.768,0.018000000000000016,False
dense_deterministic,30,0.75,leagueews,americas,20261001,baron,0.7566666666666667,0.00666666666666671,False
dense_deterministic,30,0.75,leagueews,americas,20261002,baron,0.796,0.04600000000000004,False
dense_deterministic,30,0.75,leagueews,americas,20261002,dragon,0.7533333333333333,0.0033333333333332993,False
dense_deterministic,30,1.0,leagueews,americas,20260930,baron,1.0313333333333334,0.031333333333333435,True
dense_deterministic,30,1.0,leagueews,americas,20261001,baron,1.0113333333333334,0.011333333333333417,True
dense_deterministic,30,1.0,leagueews,americas,20261002,baron,1.038,0.038000000000000034,True
dense_deterministic,30,0.25,tcn,americas,20260930,baron,0.256,0.006000000000000005,False
dense_deterministic,30,0.25,tcn,americas,20261001,baron,0.262,0.01200000000000001,False
dense_deterministic,30,0.25,tcn,americas,20261002,baron,0.252,0.0020000000000000018,False
dense_deterministic,30,0.5,tcn,americas,20260930,baron,0.5366666666666666,0.036666666666666625,False
dense_deterministic,30,0.5,tcn,americas,20261001,dragon,0.5113333333333333,0.011333333333333306,False
dense_deterministic,30,0.5,tcn,americas,20261002,baron,0.5306666666666666,0.03066666666666662,False
dense_deterministic,30,0.5,tcn,americas,20261002,dragon,0.508,0.008000000000000007,False
dense_deterministic,30,0.75,tcn,americas,20260930,baron,0.8126666666666666,0.06266666666666665,False
dense_deterministic,30,0.75,tcn,americas,20260930,dragon,0.76,0.010000000000000009,False
dense_deterministic,30,0.75,tcn,americas,20261001,baron,0.7593333333333333,0.009333333333333305,False
dense_deterministic,30,0.75,tcn,americas,20261001,dragon,0.7533333333333333,0.0033333333333332993,False
dense_deterministic,30,0.75,tcn,americas,20261002,baron,0.798,0.04800000000000004,False
dense_deterministic,30,0.75,tcn,americas,20261002,dragon,0.754,0.0040000000000000036,False
dense_deterministic,30,1.0,tcn,americas,20260930,baron,1.0713333333333332,0.07133333333333325,True
dense_deterministic,30,1.0,tcn,americas,20261001,baron,1.0366666666666666,0.036666666666666625,True
dense_deterministic,30,1.0,tcn,americas,20261002,baron,1.0706666666666667,0.07066666666666666,True
dense_deterministic,30,0.25,timely_leagueews,americas,20260930,baron,0.25266666666666665,0.0026666666666666505,False
dense_deterministic,30,0.25,timely_leagueews,americas,20260930,dragon,0.2733333333333333,0.023333333333333317,False
dense_deterministic,30,0.25,timely_leagueews,americas,20261001,baron,0.25533333333333336,0.005333333333333357,False
dense_deterministic,30,0.25,timely_leagueews,americas,20261001,dragon,0.252,0.0020000000000000018,False
dense_deterministic,30,0.25,timely_leagueews,americas,20261002,dragon,0.25466666666666665,0.004666666666666652,False
dense_deterministic,30,0.5,timely_leagueews,americas,20260930,baron,0.5013333333333333,0.0013333333333332975,False
dense_deterministic,30,0.5,timely_leagueews,americas,20261001,baron,0.532,0.03200000000000003,False
dense_deterministic,30,0.5,timely_leagueews,americas,20261002,baron,0.5033333333333333,0.0033333333333332993,False
dense_deterministic,30,0.75,timely_leagueews,americas,20260930,baron,0.7826666666666666,0.03266666666666662,False
dense_deterministic,30,0.75,timely_leagueews,americas,20261001,baron,0.7806666666666666,0.03066666666666662,False
dense_deterministic,30,0.75,timely_leagueews,americas,20261002,baron,0.762,0.01200000000000001,False
dense_deterministic,30,1.0,timely_leagueews,americas,20260930,baron,1.0573333333333332,0.057333333333333236,True
dense_deterministic,30,1.0,timely_leagueews,americas,20260930,teamfight,1.012,0.01200000000000001,True
dense_deterministic,30,1.0,timely_leagueews,americas,20261001,baron,1.014,0.014000000000000012,True
dense_deterministic,30,1.0,timely_leagueews,americas,20261002,baron,1.0226666666666666,0.022666666666666613,True
dense_deterministic,30,0.25,timely_tcn,americas,20260930,baron,0.26666666666666666,0.016666666666666663,False
dense_deterministic,30,0.25,timely_tcn,americas,20261001,baron,0.25133333333333335,0.001333333333333353,False
dense_deterministic,30,0.25,timely_tcn,americas,20261001,dragon,0.25466666666666665,0.004666666666666652,False
dense_deterministic,30,0.25,timely_tcn,americas,20261002,baron,0.25533333333333336,0.005333333333333357,False
dense_deterministic,30,0.5,timely_tcn,americas,20260930,baron,0.5353333333333333,0.03533333333333333,False
dense_deterministic,30,0.5,timely_tcn,americas,20261001,baron,0.51,0.010000000000000009,False
dense_deterministic,30,0.5,timely_tcn,americas,20261002,baron,0.53,0.030000000000000027,False
dense_deterministic,30,0.75,timely_tcn,americas,20260930,baron,0.802,0.052000000000000046,False
dense_deterministic,30,0.75,timely_tcn,americas,20261001,baron,0.758,0.008000000000000007,False
dense_deterministic,30,0.75,timely_tcn,americas,20261002,baron,0.78,0.030000000000000027,False
dense_deterministic,30,1.0,timely_tcn,americas,20260930,baron,1.028,0.028000000000000025,True
dense_deterministic,30,1.0,timely_tcn,americas,20261001,baron,1.0406666666666666,0.04066666666666663,True
dense_deterministic,30,1.0,timely_tcn,americas,20261002,baron,1.0486666666666666,0.048666666666666636,True
dense_regional_deterministic,30,0.25,leagueews,americas,20260930,dragon,0.26066666666666666,0.010666666666666658,False
dense_regional_deterministic,30,0.25,leagueews,americas,20260930,teamfight,0.266,0.016000000000000014,False
dense_regional_deterministic,30,0.25,leagueews,americas,20261001,dragon,0.2673333333333333,0.01733333333333331,False
dense_regional_deterministic,30,0.25,leagueews,americas,20261002,baron,0.25266666666666665,0.0026666666666666505,False
dense_regional_deterministic,30,0.25,leagueews,americas,20261002,dragon,0.26,0.010000000000000009,False
dense_regional_deterministic,30,0.5,leagueews,americas,20260930,baron,0.5213333333333333,0.021333333333333315,False
dense_regional_deterministic,30,0.5,leagueews,americas,20260930,dragon,0.5066666666666667,0.00666666666666671,False
dense_regional_deterministic,30,0.5,leagueews,americas,20261001,baron,0.5053333333333333,0.005333333333333301,False
dense_regional_deterministic,30,0.5,leagueews,americas,20261001,dragon,0.5173333333333333,0.01733333333333331,False
dense_regional_deterministic,30,0.5,leagueews,americas,20261002,baron,0.5466666666666666,0.046666666666666634,False
dense_regional_deterministic,30,0.5,leagueews,americas,20261002,dragon,0.508,0.008000000000000007,False
dense_regional_deterministic,30,0.75,leagueews,americas,20260930,baron,0.768,0.018000000000000016,False
dense_regional_deterministic,30,0.75,leagueews,americas,20260930,dragon,0.766,0.016000000000000014,False
dense_regional_deterministic,30,0.75,leagueews,americas,20261001,baron,0.7566666666666667,0.00666666666666671,False
dense_regional_deterministic,30,0.75,leagueews,americas,20261002,baron,0.796,0.04600000000000004,False
dense_regional_deterministic,30,0.75,leagueews,americas,20261002,dragon,0.7533333333333333,0.0033333333333332993,False
dense_regional_deterministic,30,1.0,leagueews,americas,20260930,baron,1.0313333333333334,0.031333333333333435,True
dense_regional_deterministic,30,1.0,leagueews,americas,20260930,dragon,1.0066666666666666,0.006666666666666599,True
dense_regional_deterministic,30,1.0,leagueews,americas,20260930,teamfight,1.014,0.014000000000000012,True
dense_regional_deterministic,30,1.0,leagueews,americas,20261001,baron,1.0113333333333334,0.011333333333333417,True
dense_regional_deterministic,30,1.0,leagueews,americas,20261002,baron,1.038,0.038000000000000034,True
dense_regional_deterministic,30,1.0,leagueews,americas,20261002,dragon,1.0093333333333334,0.009333333333333416,True
dense_regional_deterministic,30,1.0,leagueews,americas,20261002,teamfight,1.006,0.006000000000000005,True
dense_regional_deterministic,30,0.25,tcn,americas,20260930,baron,0.256,0.006000000000000005,False
dense_regional_deterministic,30,0.25,tcn,americas,20260930,teamfight,0.25333333333333335,0.003333333333333355,False
dense_regional_deterministic,30,0.25,tcn,americas,20261001,baron,0.262,0.01200000000000001,False
dense_regional_deterministic,30,0.25,tcn,americas,20261001,dragon,0.27,0.020000000000000018,False
dense_regional_deterministic,30,0.25,tcn,americas,20261002,baron,0.26,0.010000000000000009,False
dense_regional_deterministic,30,0.25,tcn,americas,20261002,dragon,0.25466666666666665,0.004666666666666652,False
dense_regional_deterministic,30,0.25,tcn,americas,20261002,teamfight,0.25666666666666665,0.006666666666666654,False
dense_regional_deterministic,30,0.5,tcn,americas,20260930,baron,0.5306666666666666,0.03066666666666662,False
dense_regional_deterministic,30,0.5,tcn,americas,20260930,dragon,0.5033333333333333,0.0033333333333332993,False
dense_regional_deterministic,30,0.5,tcn,americas,20261001,dragon,0.5266666666666666,0.026666666666666616,False
dense_regional_deterministic,30,0.5,tcn,americas,20261001,teamfight,0.5033333333333333,0.0033333333333332993,False
dense_regional_deterministic,30,0.5,tcn,americas,20261002,baron,0.5306666666666666,0.03066666666666662,False
dense_regional_deterministic,30,0.5,tcn,americas,20261002,dragon,0.53,0.030000000000000027,False
dense_regional_deterministic,30,0.75,tcn,americas,20260930,baron,0.8006666666666666,0.05066666666666664,False
dense_regional_deterministic,30,0.75,tcn,americas,20260930,dragon,0.76,0.010000000000000009,False
dense_regional_deterministic,30,0.75,tcn,americas,20261001,baron,0.7593333333333333,0.009333333333333305,False
dense_regional_deterministic,30,0.75,tcn,americas,20261001,dragon,0.7533333333333333,0.0033333333333332993,False
dense_regional_deterministic,30,0.75,tcn,americas,20261002,baron,0.798,0.04800000000000004,False
dense_regional_deterministic,30,0.75,tcn,americas,20261002,dragon,0.7786666666666666,0.028666666666666618,False
dense_regional_deterministic,30,1.0,tcn,americas,20260930,baron,1.0713333333333332,0.07133333333333325,True
dense_regional_deterministic,30,1.0,tcn,americas,20260930,dragon,1.0073333333333334,0.007333333333333414,True
dense_regional_deterministic,30,1.0,tcn,americas,20260930,teamfight,1.0146666666666666,0.014666666666666606,True
dense_regional_deterministic,30,1.0,tcn,americas,20261001,baron,1.0366666666666666,0.036666666666666625,True
dense_regional_deterministic,30,1.0,tcn,americas,20261001,dragon,1.006,0.006000000000000005,True
dense_regional_deterministic,30,1.0,tcn,americas,20261002,baron,1.0706666666666667,0.07066666666666666,True
dense_regional_deterministic,30,1.0,tcn,americas,20261002,dragon,1.0153333333333334,0.015333333333333421,True
dense_regional_deterministic,30,1.0,tcn,americas,20261002,teamfight,1.012,0.01200000000000001,True
dense_regional_deterministic,30,0.25,timely_leagueews,americas,20260930,baron,0.25266666666666665,0.0026666666666666505,False
dense_regional_deterministic,30,0.25,timely_leagueews,americas,20260930,dragon,0.2733333333333333,0.023333333333333317,False
dense_regional_deterministic,30,0.25,timely_leagueews,americas,20261001,baron,0.2653333333333333,0.01533333333333331,False
dense_regional_deterministic,30,0.25,timely_leagueews,americas,20261001,dragon,0.274,0.02400000000000002,False
dense_regional_deterministic,30,0.25,timely_leagueews,americas,20261002,dragon,0.27266666666666667,0.02266666666666667,False
dense_regional_deterministic,30,0.5,timely_leagueews,americas,20260930,baron,0.5013333333333333,0.0013333333333332975,False
dense_regional_deterministic,30,0.5,timely_leagueews,americas,20261001,baron,0.532,0.03200000000000003,False
dense_regional_deterministic,30,0.5,timely_leagueews,americas,20261001,dragon,0.512,0.01200000000000001,False
dense_regional_deterministic,30,0.75,timely_leagueews,americas,20260930,baron,0.7826666666666666,0.03266666666666662,False
dense_regional_deterministic,30,0.75,timely_leagueews,americas,20261001,baron,0.7806666666666666,0.03066666666666662,False
dense_regional_deterministic,30,0.75,timely_leagueews,americas,20261001,teamfight,0.7513333333333333,0.0013333333333332975,False
dense_regional_deterministic,30,0.75,timely_leagueews,americas,20261002,baron,0.762,0.01200000000000001,False
dense_regional_deterministic,30,1.0,timely_leagueews,americas,20260930,baron,1.0573333333333332,0.057333333333333236,True
dense_regional_deterministic,30,1.0,timely_leagueews,americas,20260930,teamfight,1.012,0.01200000000000001,True
dense_regional_deterministic,30,1.0,timely_leagueews,americas,20261001,baron,1.014,0.014000000000000012,True
dense_regional_deterministic,30,1.0,timely_leagueews,americas,20261002,baron,1.0226666666666666,0.022666666666666613,True
dense_regional_deterministic,30,0.25,timely_tcn,americas,20260930,baron,0.26666666666666666,0.016666666666666663,False
dense_regional_deterministic,30,0.25,timely_tcn,americas,20261001,baron,0.25133333333333335,0.001333333333333353,False
dense_regional_deterministic,30,0.25,timely_tcn,americas,20261001,dragon,0.25466666666666665,0.004666666666666652,False
dense_regional_deterministic,30,0.25,timely_tcn,americas,20261001,teamfight,0.282,0.03199999999999997,False
dense_regional_deterministic,30,0.25,timely_tcn,americas,20261002,baron,0.25533333333333336,0.005333333333333357,False
dense_regional_deterministic,30,0.25,timely_tcn,americas,20261002,teamfight,0.262,0.01200000000000001,False
dense_regional_deterministic,30,0.5,timely_tcn,americas,20260930,baron,0.5353333333333333,0.03533333333333333,False
dense_regional_deterministic,30,0.5,timely_tcn,americas,20261001,baron,0.51,0.010000000000000009,False
dense_regional_deterministic,30,0.5,timely_tcn,americas,20261001,dragon,0.5313333333333333,0.031333333333333324,False
dense_regional_deterministic,30,0.5,timely_tcn,americas,20261002,baron,0.53,0.030000000000000027,False
dense_regional_deterministic,30,0.75,timely_tcn,americas,20260930,baron,0.802,0.052000000000000046,False
dense_regional_deterministic,30,0.75,timely_tcn,americas,20261001,baron,0.758,0.008000000000000007,False
dense_regional_deterministic,30,0.75,timely_tcn,americas,20261001,dragon,0.7513333333333333,0.0013333333333332975,False
dense_regional_deterministic,30,0.75,timely_tcn,americas,20261002,baron,0.78,0.030000000000000027,False
dense_regional_deterministic,30,1.0,timely_tcn,americas,20260930,baron,1.028,0.028000000000000025,True
dense_regional_deterministic,30,1.0,timely_tcn,americas,20261001,baron,1.0153333333333334,0.015333333333333421,True
dense_regional_deterministic,30,1.0,timely_tcn,americas,20261002,baron,1.0486666666666666,0.048666666666666636,True
deterministic,60,0.5,leagueews,americas,20261002,baron,0.5353333333333333,0.03533333333333333,False
deterministic,60,0.5,tcn,americas,20261002,baron,0.5046666666666667,0.004666666666666708,False
deterministic,60,1.0,tcn,americas,20261002,baron,1.034,0.03400000000000003,True
deterministic,60,1.0,timely_tcn,americas,20260930,baron,1.03,0.030000000000000027,True
regional_deterministic,60,0.5,leagueews,americas,20261002,baron,0.5353333333333333,0.03533333333333333,False
regional_deterministic,60,0.5,tcn,americas,20261002,baron,0.5046666666666667,0.004666666666666708,False
regional_deterministic,60,1.0,tcn,americas,20261002,baron,1.034,0.03400000000000003,True
regional_deterministic,60,1.0,timely_tcn,americas,20260930,baron,1.03,0.030000000000000027,True
matched_early_mixture,60,0.25,leagueews,americas,20260930,baron,0.2591352009744214,0.009135200974421387,False
matched_early_mixture,60,0.25,leagueews,americas,20260930,dragon,0.2532310177705973,0.003231017770597311,False
matched_early_mixture,60,0.25,leagueews,americas,20260930,teamfight,0.2599164926931107,0.009916492693110679,False
matched_early_mixture,60,0.25,leagueews,americas,20261001,baron,0.2564102564102551,0.006410256410255111,False
matched_early_mixture,60,0.25,leagueews,americas,20261001,dragon,0.2513069454817029,0.0013069454817029036,False
matched_early_mixture,60,0.25,leagueews,americas,20261001,teamfight,0.25741525423728695,0.00741525423728695,False
matched_early_mixture,60,0.25,leagueews,americas,20261002,baron,0.271283783783783,0.021283783783782984,False
matched_early_mixture,60,0.25,leagueews,americas,20261002,teamfight,0.25396688513280485,0.003966885132804854,False
matched_early_mixture,60,0.5,leagueews,americas,20260930,baron,0.5182704019488428,0.018270401948842774,False
matched_early_mixture,60,0.5,leagueews,americas,20260930,dragon,0.5064620355411946,0.006462035541194622,False
matched_early_mixture,60,0.5,leagueews,americas,20260930,teamfight,0.5198329853862216,0.01983298538622158,False
matched_early_mixture,60,0.5,leagueews,americas,20261001,baron,0.5128205128205102,0.012820512820510221,False
matched_early_mixture,60,0.5,leagueews,americas,20261001,dragon,0.5026138909634056,0.002613890963405585,False
matched_early_mixture,60,0.5,leagueews,americas,20261001,teamfight,0.5148305084745739,0.0148305084745739,False
matched_early_mixture,60,0.5,leagueews,americas,20261002,baron,0.5415006242197251,0.04150062421972511,False
matched_early_mixture,60,0.5,leagueews,americas,20261002,teamfight,0.5079337702656097,0.007933770265609708,False
matched_early_mixture,60,0.75,leagueews,americas,20260930,baron,0.773892757102842,0.023892757102842,False
matched_early_mixture,60,0.75,leagueews,americas,20260930,dragon,0.7596930533117918,0.009693053311791822,False
matched_early_mixture,60,0.75,leagueews,americas,20260930,teamfight,0.7797494780793304,0.02974947807933037,False
matched_early_mixture,60,0.75,leagueews,americas,20261001,baron,0.7692307692307648,0.019230769230764833,False
matched_early_mixture,60,0.75,leagueews,americas,20261001,dragon,0.7539208364451081,0.0039208364451081,False
matched_early_mixture,60,0.75,leagueews,americas,20261001,teamfight,0.7722457627118656,0.022245762711865624,False
matched_early_mixture,60,0.75,leagueews,americas,20261002,baron,0.781735797399042,0.031735797399041976,False
matched_early_mixture,60,0.75,leagueews,americas,20261002,teamfight,0.7619006553984093,0.011900655398409343,False
matched_early_mixture,60,1.0,leagueews,americas,20260930,baron,1.0286946778711474,0.028694677871147434,True
matched_early_mixture,60,1.0,leagueews,americas,20260930,dragon,1.0129240710823892,0.012924071082389244,True
matched_early_mixture,60,1.0,leagueews,americas,20260930,teamfight,1.0396659707724432,0.03966597077244316,True
matched_early_mixture,60,1.0,leagueews,americas,20261001,baron,1.0226348733234003,0.022634873323400306,True
matched_early_mixture,60,1.0,leagueews,americas,20261001,dragon,1.0052277819268112,0.00522778192681117,True
matched_early_mixture,60,1.0,leagueews,americas,20261001,teamfight,1.0279999999999954,0.027999999999995362,True
matched_early_mixture,60,1.0,leagueews,americas,20261002,baron,1.041489390828198,0.041489390828197914,True
matched_early_mixture,60,1.0,leagueews,americas,20261002,teamfight,1.0158675405312194,0.015867540531219415,True
matched_early_mixture,60,0.25,tcn,americas,20260930,baron,0.26574427480916146,0.015744274809161463,False
matched_early_mixture,60,0.25,tcn,americas,20260930,dragon,0.25327510917030577,0.0032751091703057678,False
matched_early_mixture,60,0.25,tcn,americas,20260930,teamfight,0.2602519039250144,0.010251903925014405,False
matched_early_mixture,60,0.25,tcn,americas,20261001,baron,0.25847989949748745,0.008479899497487453,False
matched_early_mixture,60,0.25,tcn,americas,20261001,dragon,0.25198788337750866,0.001987883377508659,False
matched_early_mixture,60,0.25,tcn,americas,20261001,teamfight,0.25600413650465376,0.0060041365046537565,False
matched_early_mixture,60,0.25,tcn,americas,20261002,baron,0.2641874462596745,0.014187446259674497,False
matched_early_mixture,60,0.25,tcn,americas,20261002,dragon,0.25294888597640963,0.002948885976409632,False
matched_early_mixture,60,0.25,tcn,americas,20261002,teamfight,0.2584218455743884,0.008421845574388409,False
matched_early_mixture,60,0.5,tcn,americas,20260930,baron,0.5314885496183229,0.031488549618322925,False
matched_early_mixture,60,0.5,tcn,americas,20260930,dragon,0.5065502183406115,0.0065502183406115355,False
matched_early_mixture,60,0.5,tcn,americas,20260930,teamfight,0.5205038078500289,0.02050380785002892,False
matched_early_mixture,60,0.5,tcn,americas,20261001,baron,0.5169597989949749,0.016959798994974906,False
matched_early_mixture,60,0.5,tcn,americas,20261001,dragon,0.5039757667550168,0.003975766755016763,False
matched_early_mixture,60,0.5,tcn,americas,20261001,teamfight,0.5135015511892437,0.013501551189243677,False
matched_early_mixture,60,0.5,tcn,americas,20261002,baron,0.528374892519349,0.028374892519348993,False
matched_early_mixture,60,0.5,tcn,americas,20261002,dragon,0.5058977719528193,0.005897771952819264,False
matched_early_mixture,60,0.5,tcn,americas,20261002,teamfight,0.5183088512241049,0.01830885122410486,False
matched_early_mixture,60,0.75,tcn,americas,20260930,baron,0.7976805031446517,0.047680503144651665,False
matched_early_mixture,60,0.75,tcn,americas,20260930,dragon,0.759825327510917,0.009825327510917026,False
matched_early_mixture,60,0.75,tcn,americas,20260930,teamfight,0.7807557117750423,0.030755711775042327,False
matched_early_mixture,60,0.75,tcn,americas,20261001,baron,0.769823977823981,0.019823977823981043,False
matched_early_mixture,60,0.75,tcn,americas,20261001,dragon,0.7559636501325252,0.0059636501325252,False
matched_early_mixture,60,0.75,tcn,americas,20261001,teamfight,0.7699822639540944,0.019982263954094415,False
matched_early_mixture,60,0.75,tcn,americas,20261002,baron,0.7925623387790238,0.04256233877902382,False
matched_early_mixture,60,0.75,tcn,americas,20261002,dragon,0.7588466579292253,0.008846657929225343,False
matched_early_mixture,60,0.75,tcn,americas,20261002,teamfight,0.7781958568738224,0.028195856873822422,False
matched_early_mixture,60,1.0,tcn,americas,20260930,baron,1.0566666666666635,0.056666666666663534,True
matched_early_mixture,60,1.0,tcn,americas,20260930,dragon,1.013100436681223,0.013100436681223071,True
matched_early_mixture,60,1.0,tcn,americas,20260930,teamfight,1.0410076157000578,0.04100761570005784,True
matched_early_mixture,60,1.0,tcn,americas,20261001,baron,1.0310505394662117,0.031050539466211724,True
matched_early_mixture,60,1.0,tcn,americas,20261001,dragon,1.0079515335100335,0.007951533510033526,True
matched_early_mixture,60,1.0,tcn,americas,20261001,teamfight,1.0249379238393288,0.0249379238393288,True
matched_early_mixture,60,1.0,tcn,americas,20261002,baron,1.0560813512581841,0.05608135125818414,True
matched_early_mixture,60,1.0,tcn,americas,20261002,dragon,1.0117955439056385,0.011795543905638528,True
matched_early_mixture,60,1.0,tcn,americas,20261002,teamfight,1.0380828625235432,0.038082862523543204,True
matched_early_mixture,60,0.25,timely_leagueews,americas,20260930,baron,0.2681278016213643,0.018127801621364292,False
matched_early_mixture,60,0.25,timely_leagueews,americas,20261001,baron,0.2650995024875608,0.015099502487560812,False
matched_early_mixture,60,0.25,timely_leagueews,americas,20261002,baron,0.27620911528150255,0.02620911528150255,False
matched_early_mixture,60,0.5,timely_leagueews,americas,20260930,baron,0.5295727229375322,0.029572722937532214,False
matched_early_mixture,60,0.5,timely_leagueews,americas,20260930,teamfight,0.5104089294774204,0.010408929477420448,False
matched_early_mixture,60,0.5,timely_leagueews,americas,20261001,baron,0.5185387509405555,0.01853875094055546,False
matched_early_mixture,60,0.5,timely_leagueews,americas,20261002,baron,0.5168500000000016,0.016850000000001586,False
matched_early_mixture,60,0.75,timely_leagueews,americas,20260930,baron,0.7794256165473381,0.029425616547338107,False
matched_early_mixture,60,0.75,timely_leagueews,americas,20260930,teamfight,0.7779127346524651,0.027912734652465132,False
matched_early_mixture,60,0.75,timely_leagueews,americas,20261001,baron,0.7676989247311851,0.01769892473118506,False
matched_early_mixture,60,0.75,timely_leagueews,americas,20261002,baron,0.7612339544513423,0.011233954451342343,False
matched_early_mixture,60,1.0,timely_leagueews,americas,20260930,baron,1.0261869313482275,0.02618693134822747,True
matched_early_mixture,60,1.0,timely_leagueews,americas,20260930,teamfight,1.007595451825256,0.0075954518252558945,True
matched_early_mixture,60,1.0,timely_leagueews,americas,20261001,baron,1.0226738265712016,0.02267382657120165,True
matched_early_mixture,60,1.0,timely_leagueews,americas,20261002,baron,1.023982378854622,0.023982378854622066,True
matched_early_mixture,60,0.25,timely_tcn,americas,20260930,baron,0.27524334251606986,0.025243342516069855,False
matched_early_mixture,60,0.25,timely_tcn,americas,20260930,teamfight,0.25284087102177566,0.0028408710217756594,False
matched_early_mixture,60,0.25,timely_tcn,americas,20261001,baron,0.25821799307958465,0.008217993079584651,False
matched_early_mixture,60,0.25,timely_tcn,americas,20261001,dragon,0.2598253968253964,0.009825396825396404,False
matched_early_mixture,60,0.25,timely_tcn,americas,20261001,teamfight,0.2602767295597482,0.010276729559748177,False
matched_early_mixture,60,0.25,timely_tcn,americas,20261002,baron,0.2707939508506607,0.020793950850660714,False
matched_early_mixture,60,0.25,timely_tcn,americas,20261002,dragon,0.2567887667887676,0.006788766788767608,False
matched_early_mixture,60,0.5,timely_tcn,americas,20260930,baron,0.525350877192983,0.025350877192983012,False
matched_early_mixture,60,0.5,timely_tcn,americas,20260930,teamfight,0.5110278578290104,0.01102785782901039,False
matched_early_mixture,60,0.5,timely_tcn,americas,20261001,baron,0.5173661202185812,0.017366120218581194,False
matched_early_mixture,60,0.5,timely_tcn,americas,20261001,teamfight,0.5229252291365194,0.0229252291365194,False
matched_early_mixture,60,0.5,timely_tcn,americas,20261002,baron,0.5369435261707998,0.03694352617079977,False
matched_early_mixture,60,0.75,timely_tcn,americas,20260930,baron,0.7830196078431362,0.03301960784313618,False
matched_early_mixture,60,0.75,timely_tcn,americas,20260930,teamfight,0.7653506243996121,0.0153506243996121,False
matched_early_mixture,60,0.75,timely_tcn,americas,20261001,baron,0.7749983896940392,0.024998389694039225,False
matched_early_mixture,60,0.75,timely_tcn,americas,20261001,teamfight,0.7805229136517158,0.030522913651715777,False
matched_early_mixture,60,0.75,timely_tcn,americas,20261002,baron,0.8004786004373649,0.05047860043736485,False
matched_early_mixture,60,1.0,timely_tcn,americas,20260930,baron,1.0452745098039262,0.04527450980392622,True
matched_early_mixture,60,1.0,timely_tcn,americas,20260930,teamfight,1.0099544964997313,0.009954496499731347,True
matched_early_mixture,60,1.0,timely_tcn,americas,20261001,baron,1.0388256285482624,0.038825628548262436,True
matched_early_mixture,60,1.0,timely_tcn,americas,20261001,teamfight,1.0290774410774417,0.0290774410774417,True
matched_early_mixture,60,1.0,timely_tcn,americas,20261002,baron,1.0654739144017493,0.06547391440174932,True
dense_deterministic,60,0.25,leagueews,americas,20260930,teamfight,0.2653333333333333,0.01533333333333331,False
dense_deterministic,60,0.25,leagueews,americas,20261002,baron,0.254,0.0040000000000000036,False
dense_deterministic,60,0.5,leagueews,americas,20260930,baron,0.5013333333333333,0.0013333333333332975,False
dense_deterministic,60,0.5,leagueews,americas,20260930,dragon,0.5153333333333333,0.01533333333333331,False
dense_deterministic,60,0.5,leagueews,americas,20261001,dragon,0.5253333333333333,0.02533333333333332,False
dense_deterministic,60,0.5,leagueews,americas,20261002,baron,0.5353333333333333,0.03533333333333333,False
dense_deterministic,60,0.5,leagueews,americas,20261002,dragon,0.5206666666666667,0.020666666666666722,False
dense_deterministic,60,0.75,leagueews,americas,20260930,baron,0.7713333333333333,0.021333333333333315,False
dense_deterministic,60,0.75,leagueews,americas,20260930,dragon,0.7773333333333333,0.02733333333333332,False
dense_deterministic,60,0.75,leagueews,americas,20261001,dragon,0.7686666666666667,0.01866666666666672,False
dense_deterministic,60,0.75,leagueews,americas,20261002,baron,0.7566666666666667,0.00666666666666671,False
dense_deterministic,60,0.75,leagueews,americas,20261002,dragon,0.7506666666666667,0.0006666666666667043,False
dense_deterministic,60,1.0,leagueews,americas,20260930,baron,1.0026666666666666,0.002666666666666595,True
dense_deterministic,60,1.0,leagueews,americas,20260930,dragon,1.0033333333333334,0.0033333333333334103,True
dense_deterministic,60,1.0,leagueews,americas,20261002,baron,1.01,0.010000000000000009,True
dense_deterministic,60,0.25,tcn,americas,20261001,baron,0.25533333333333336,0.005333333333333357,False
dense_deterministic,60,0.25,tcn,americas,20261001,dragon,0.25466666666666665,0.004666666666666652,False
dense_deterministic,60,0.5,tcn,americas,20260930,baron,0.5113333333333333,0.011333333333333306,False
dense_deterministic,60,0.5,tcn,americas,20260930,dragon,0.5066666666666667,0.00666666666666671,False
dense_deterministic,60,0.5,tcn,americas,20261001,baron,0.5113333333333333,0.011333333333333306,False
dense_deterministic,60,0.5,tcn,americas,20261001,dragon,0.5126666666666667,0.012666666666666715,False
dense_deterministic,60,0.5,tcn,americas,20261002,baron,0.5173333333333333,0.01733333333333331,False
dense_deterministic,60,0.5,tcn,americas,20261002,dragon,0.5073333333333333,0.007333333333333303,False
dense_deterministic,60,0.75,tcn,americas,20260930,baron,0.7986666666666666,0.048666666666666636,False
dense_deterministic,60,0.75,tcn,americas,20261001,baron,0.7513333333333333,0.0013333333333332975,False
dense_deterministic,60,0.75,tcn,americas,20261001,dragon,0.76,0.010000000000000009,False
dense_deterministic,60,0.75,tcn,americas,20261002,baron,0.7773333333333333,0.02733333333333332,False
dense_deterministic,60,1.0,tcn,americas,20260930,baron,1.038,0.038000000000000034,True
dense_deterministic,60,1.0,tcn,americas,20260930,dragon,1.0273333333333334,0.02733333333333343,True
dense_deterministic,60,1.0,tcn,americas,20261001,baron,1.0253333333333334,0.02533333333333343,True
dense_deterministic,60,1.0,tcn,americas,20261001,dragon,1.0113333333333334,0.011333333333333417,True
dense_deterministic,60,1.0,tcn,americas,20261002,baron,1.034,0.03400000000000003,True
dense_deterministic,60,0.25,timely_leagueews,americas,20261001,baron,0.25666666666666665,0.006666666666666654,False
dense_deterministic,60,0.25,timely_leagueews,americas,20261002,baron,0.258,0.008000000000000007,False
dense_deterministic,60,0.5,timely_leagueews,americas,20260930,baron,0.5233333333333333,0.023333333333333317,False
dense_deterministic,60,0.5,timely_leagueews,americas,20260930,teamfight,0.5013333333333333,0.0013333333333332975,False
dense_deterministic,60,0.5,timely_leagueews,americas,20261002,baron,0.53,0.030000000000000027,False
dense_deterministic,60,0.75,timely_leagueews,americas,20260930,baron,0.774,0.02400000000000002,False
dense_deterministic,60,0.75,timely_leagueews,americas,20260930,teamfight,0.762,0.01200000000000001,False
dense_deterministic,60,0.25,timely_tcn,americas,20260930,baron,0.25066666666666665,0.0006666666666666488,False
dense_deterministic,60,0.25,timely_tcn,americas,20261001,teamfight,0.256,0.006000000000000005,False
dense_deterministic,60,0.5,timely_tcn,americas,20260930,baron,0.5333333333333333,0.033333333333333326,False
dense_deterministic,60,0.5,timely_tcn,americas,20261002,baron,0.5226666666666666,0.022666666666666613,False
dense_deterministic,60,0.75,timely_tcn,americas,20260930,baron,0.7826666666666666,0.03266666666666662,False
dense_deterministic,60,0.75,timely_tcn,americas,20261001,baron,0.7553333333333333,0.005333333333333301,False
dense_deterministic,60,0.75,timely_tcn,americas,20261002,baron,0.758,0.008000000000000007,False
dense_deterministic,60,1.0,timely_tcn,americas,20260930,baron,1.058,0.05800000000000005,True
dense_deterministic,60,1.0,timely_tcn,americas,20260930,teamfight,1.004,0.0040000000000000036,True
dense_deterministic,60,1.0,timely_tcn,americas,20261001,baron,1.022,0.02200000000000002,True
dense_deterministic,60,1.0,timely_tcn,americas,20261001,teamfight,1.0033333333333334,0.0033333333333334103,True
dense_deterministic,60,1.0,timely_tcn,americas,20261002,baron,1.012,0.01200000000000001,True
dense_regional_deterministic,60,0.25,leagueews,americas,20260930,teamfight,0.2653333333333333,0.01533333333333331,False
dense_regional_deterministic,60,0.25,leagueews,americas,20261002,baron,0.254,0.0040000000000000036,False
dense_regional_deterministic,60,0.5,leagueews,americas,20260930,baron,0.5013333333333333,0.0013333333333332975,False
dense_regional_deterministic,60,0.5,leagueews,americas,20260930,dragon,0.5153333333333333,0.01533333333333331,False
dense_regional_deterministic,60,0.5,leagueews,americas,20261001,dragon,0.5253333333333333,0.02533333333333332,False
dense_regional_deterministic,60,0.5,leagueews,americas,20261002,baron,0.5353333333333333,0.03533333333333333,False
dense_regional_deterministic,60,0.5,leagueews,americas,20261002,dragon,0.5206666666666667,0.020666666666666722,False
dense_regional_deterministic,60,0.75,leagueews,americas,20260930,baron,0.7713333333333333,0.021333333333333315,False
dense_regional_deterministic,60,0.75,leagueews,americas,20260930,dragon,0.7773333333333333,0.02733333333333332,False
dense_regional_deterministic,60,0.75,leagueews,americas,20260930,teamfight,0.7813333333333333,0.031333333333333324,False
dense_regional_deterministic,60,0.75,leagueews,americas,20261001,dragon,0.7686666666666667,0.01866666666666672,False
dense_regional_deterministic,60,0.75,leagueews,americas,20261002,baron,0.7566666666666667,0.00666666666666671,False
dense_regional_deterministic,60,0.75,leagueews,americas,20261002,dragon,0.7506666666666667,0.0006666666666667043,False
dense_regional_deterministic,60,1.0,leagueews,americas,20260930,baron,1.0026666666666666,0.002666666666666595,True
dense_regional_deterministic,60,1.0,leagueews,americas,20260930,dragon,1.0033333333333334,0.0033333333333334103,True
dense_regional_deterministic,60,1.0,leagueews,americas,20261002,baron,1.01,0.010000000000000009,True
dense_regional_deterministic,60,0.25,tcn,americas,20261001,baron,0.25533333333333336,0.005333333333333357,False
dense_regional_deterministic,60,0.25,tcn,americas,20261001,dragon,0.25466666666666665,0.004666666666666652,False
dense_regional_deterministic,60,0.5,tcn,americas,20260930,baron,0.5113333333333333,0.011333333333333306,False
dense_regional_deterministic,60,0.5,tcn,americas,20260930,dragon,0.5066666666666667,0.00666666666666671,False
dense_regional_deterministic,60,0.5,tcn,americas,20261001,baron,0.5113333333333333,0.011333333333333306,False
dense_regional_deterministic,60,0.5,tcn,americas,20261001,dragon,0.5126666666666667,0.012666666666666715,False
dense_regional_deterministic,60,0.5,tcn,americas,20261001,teamfight,0.5113333333333333,0.011333333333333306,False
dense_regional_deterministic,60,0.5,tcn,americas,20261002,baron,0.5173333333333333,0.01733333333333331,False
dense_regional_deterministic,60,0.5,tcn,americas,20261002,dragon,0.5073333333333333,0.007333333333333303,False
dense_regional_deterministic,60,0.5,tcn,americas,20261002,teamfight,0.5086666666666667,0.008666666666666711,False
dense_regional_deterministic,60,0.75,tcn,americas,20260930,baron,0.7986666666666666,0.048666666666666636,False
dense_regional_deterministic,60,0.75,tcn,americas,20261001,baron,0.7513333333333333,0.0013333333333332975,False
dense_regional_deterministic,60,0.75,tcn,americas,20261001,dragon,0.76,0.010000000000000009,False
dense_regional_deterministic,60,0.75,tcn,americas,20261001,teamfight,0.7753333333333333,0.02533333333333332,False
dense_regional_deterministic,60,0.75,tcn,americas,20261002,baron,0.7773333333333333,0.02733333333333332,False
dense_regional_deterministic,60,1.0,tcn,americas,20260930,baron,1.038,0.038000000000000034,True
dense_regional_deterministic,60,1.0,tcn,americas,20260930,dragon,1.0273333333333334,0.02733333333333343,True
dense_regional_deterministic,60,1.0,tcn,americas,20261001,baron,1.0253333333333334,0.02533333333333343,True
dense_regional_deterministic,60,1.0,tcn,americas,20261001,dragon,1.0113333333333334,0.011333333333333417,True
dense_regional_deterministic,60,1.0,tcn,americas,20261001,teamfight,1.036,0.03600000000000003,True
dense_regional_deterministic,60,1.0,tcn,americas,20261002,baron,1.034,0.03400000000000003,True
dense_regional_deterministic,60,0.25,timely_leagueews,americas,20261001,baron,0.25666666666666665,0.006666666666666654,False
dense_regional_deterministic,60,0.25,timely_leagueews,americas,20261002,baron,0.258,0.008000000000000007,False
dense_regional_deterministic,60,0.5,timely_leagueews,americas,20260930,baron,0.5233333333333333,0.023333333333333317,False
dense_regional_deterministic,60,0.5,timely_leagueews,americas,20260930,teamfight,0.5013333333333333,0.0013333333333332975,False
dense_regional_deterministic,60,0.5,timely_leagueews,americas,20261002,baron,0.53,0.030000000000000027,False
dense_regional_deterministic,60,0.75,timely_leagueews,americas,20260930,baron,0.774,0.02400000000000002,False
dense_regional_deterministic,60,0.75,timely_leagueews,americas,20260930,teamfight,0.762,0.01200000000000001,False
dense_regional_deterministic,60,0.25,timely_tcn,americas,20260930,baron,0.25066666666666665,0.0006666666666666488,False
dense_regional_deterministic,60,0.25,timely_tcn,americas,20261001,teamfight,0.256,0.006000000000000005,False
dense_regional_deterministic,60,0.25,timely_tcn,americas,20261002,dragon,0.258,0.008000000000000007,False
dense_regional_deterministic,60,0.5,timely_tcn,americas,20260930,baron,0.5333333333333333,0.033333333333333326,False
dense_regional_deterministic,60,0.5,timely_tcn,americas,20261001,dragon,0.502,0.0020000000000000018,False
dense_regional_deterministic,60,0.5,timely_tcn,americas,20261002,baron,0.5226666666666666,0.022666666666666613,False
dense_regional_deterministic,60,0.75,timely_tcn,americas,20260930,baron,0.7826666666666666,0.03266666666666662,False
dense_regional_deterministic,60,0.75,timely_tcn,americas,20261001,baron,0.7553333333333333,0.005333333333333301,False
dense_regional_deterministic,60,0.75,timely_tcn,americas,20261002,baron,0.758,0.008000000000000007,False
dense_regional_deterministic,60,1.0,timely_tcn,americas,20260930,baron,1.058,0.05800000000000005,True
dense_regional_deterministic,60,1.0,timely_tcn,americas,20260930,teamfight,1.004,0.0040000000000000036,True
dense_regional_deterministic,60,1.0,timely_tcn,americas,20261001,baron,1.022,0.02200000000000002,True
dense_regional_deterministic,60,1.0,timely_tcn,americas,20261001,teamfight,1.0033333333333334,0.0033333333333334103,True
dense_regional_deterministic,60,1.0,timely_tcn,americas,20261002,baron,1.012,0.01200000000000001,True
