region,horizon,model,event,seed,timely_recall,false_plus_late_per_match,false_per_match,late_per_match
overall,30,leagueews,baron,20260930,0.21012033323048443,0.9393333333333334,0.798,0.14133333333333334
overall,30,leagueews,baron,20261001,0.212897253933971,0.9736666666666667,0.8323333333333334,0.14133333333333334
overall,30,leagueews,baron,20261002,0.20333230484418388,0.9306666666666666,0.7893333333333333,0.14133333333333334
overall,30,leagueews,dragon,20260930,0.14034778003354223,0.9743333333333334,0.5693333333333334,0.405
overall,30,leagueews,dragon,20261001,0.12357666166475417,0.813,0.45166666666666666,0.36133333333333334
overall,30,leagueews,dragon,20261002,0.13134433754082445,0.8786666666666667,0.5016666666666667,0.377
overall,30,leagueews,teamfight,20260930,0.03273553927759535,0.7966666666666666,0.582,0.21466666666666667
overall,30,leagueews,teamfight,20261001,0.029704470825966153,0.7543333333333333,0.548,0.20633333333333334
overall,30,leagueews,teamfight,20261002,0.030007577671129073,0.7223333333333334,0.5283333333333333,0.194
overall,30,leagueews,macro,20260930,0.12773455084720733,0.9034444444444446,0.6497777777777777,0.25366666666666665
overall,30,leagueews,macro,20261001,0.12205946214156378,0.847,0.6106666666666667,0.23633333333333337
overall,30,leagueews,macro,20261002,0.12156140668537913,0.8438888888888889,0.6064444444444445,0.23744444444444443
overall,30,gru,baron,20260930,0.11632212280160445,0.743,0.6683333333333333,0.07466666666666667
overall,30,gru,baron,20261001,0.15087935822277074,0.9466666666666667,0.848,0.09866666666666667
overall,30,gru,baron,20261002,0.09534094415303919,0.8633333333333333,0.802,0.06133333333333333
overall,30,gru,dragon,20260930,0.09877306028775708,0.85,0.6803333333333333,0.16966666666666666
overall,30,gru,dragon,20261001,0.08959307970694677,0.8936666666666667,0.757,0.13666666666666666
overall,30,gru,dragon,20261002,0.08094271339041398,0.7223333333333334,0.5823333333333334,0.14
overall,30,gru,teamfight,20260930,0.020156605203334177,0.5796666666666667,0.47533333333333333,0.10433333333333333
overall,30,gru,teamfight,20261001,0.0243495832280879,0.6996666666666667,0.5756666666666667,0.124
overall,30,gru,teamfight,20261002,0.021621621621621623,0.7623333333333333,0.661,0.10133333333333333
overall,30,gru,macro,20260930,0.0784172627642319,0.7242222222222222,0.608,0.11622222222222223
overall,30,gru,macro,20261001,0.0882740070526018,0.8466666666666667,0.7268888888888889,0.11977777777777777
overall,30,gru,macro,20261002,0.06596842638835826,0.7826666666666666,0.6817777777777779,0.10088888888888888
overall,30,tcn,baron,20260930,0.2076519592718297,0.9533333333333334,0.8076666666666666,0.14566666666666667
overall,30,tcn,baron,20261001,0.20981178648565257,0.9826666666666667,0.837,0.14566666666666667
overall,30,tcn,baron,20261002,0.20456649182351125,0.9613333333333334,0.818,0.14333333333333334
overall,30,tcn,dragon,20260930,0.12401800688498543,0.8083333333333333,0.4533333333333333,0.355
overall,30,tcn,dragon,20261001,0.13372760173007325,0.893,0.5163333333333333,0.37666666666666665
overall,30,tcn,dragon,20261002,0.14820372495365874,0.996,0.598,0.398
overall,30,tcn,teamfight,20260930,0.027481687294771406,0.6936666666666667,0.5073333333333333,0.18633333333333332
overall,30,tcn,teamfight,20261001,0.03217984339479667,0.845,0.6256666666666667,0.21933333333333332
overall,30,tcn,teamfight,20261002,0.02535993937863097,0.6393333333333333,0.4573333333333333,0.182
overall,30,tcn,macro,20260930,0.1197172178171955,0.8184444444444444,0.5894444444444443,0.22899999999999998
overall,30,tcn,macro,20261001,0.12523974387017417,0.9068888888888887,0.6596666666666667,0.24722222222222223
overall,30,tcn,macro,20261002,0.126043385385267,0.8655555555555555,0.6244444444444445,0.24111111111111114
overall,30,snapshot,baron,20260930,0.19191607528540575,0.987,0.8526666666666667,0.13433333333333333
overall,30,snapshot,baron,20261001,0.18049984572662758,0.9123333333333333,0.78,0.13233333333333333
overall,30,snapshot,baron,20261002,0.18667078062326442,0.942,0.81,0.132
overall,30,snapshot,dragon,20260930,0.11986936181481155,0.8583333333333333,0.499,0.35933333333333334
overall,30,snapshot,dragon,20261001,0.11554417865654515,0.813,0.4713333333333333,0.3416666666666667
overall,30,snapshot,dragon,20261002,0.11686821431723894,0.808,0.4673333333333333,0.3406666666666667
overall,30,snapshot,teamfight,20260930,0.025966153068956808,0.7873333333333333,0.6183333333333333,0.169
overall,30,snapshot,teamfight,20261001,0.025006314725940892,0.716,0.5646666666666667,0.15133333333333332
overall,30,snapshot,teamfight,20261002,0.02672392018186411,0.777,0.613,0.164
overall,30,snapshot,macro,20260930,0.1125838633897247,0.8775555555555555,0.6566666666666666,0.2208888888888889
overall,30,snapshot,macro,20261001,0.10701677970303787,0.8137777777777778,0.6053333333333334,0.20844444444444443
overall,30,snapshot,macro,20261002,0.11008763837412248,0.8423333333333334,0.6301111111111112,0.21222222222222223
overall,30,independent,baron,20260930,0.2113545202098118,0.9693333333333334,0.8236666666666667,0.14566666666666667
overall,30,independent,baron,20261001,0.21567417463745758,0.9393333333333334,0.7966666666666666,0.14266666666666666
overall,30,independent,baron,20261002,0.21814254859611232,0.9466666666666667,0.8016666666666666,0.145
overall,30,independent,dragon,20260930,0.10398093388648601,0.7256666666666667,0.389,0.33666666666666667
overall,30,independent,dragon,20261001,0.12331185453261541,0.8603333333333333,0.4866666666666667,0.37366666666666665
overall,30,independent,dragon,20261002,0.11042457410186247,0.7693333333333333,0.42233333333333334,0.347
overall,30,independent,teamfight,20260930,0.03627178580449608,0.9583333333333334,0.717,0.24133333333333334
overall,30,independent,teamfight,20261001,0.026471331144228342,0.671,0.48433333333333334,0.18666666666666668
overall,30,independent,teamfight,20261002,0.028391007830260166,0.7186666666666667,0.521,0.19766666666666666
overall,30,independent,macro,20260930,0.11720241330026464,0.8844444444444445,0.6432222222222223,0.24122222222222223
overall,30,independent,macro,20261001,0.1218191201047671,0.8235555555555555,0.5892222222222222,0.2343333333333333
overall,30,independent,macro,20261002,0.11898604350941165,0.8115555555555556,0.5816666666666667,0.2298888888888889
overall,30,pcgrad,baron,20260930,0.20610922554767047,0.8846666666666667,0.7453333333333333,0.13933333333333334
overall,30,pcgrad,baron,20261001,0.20580067880283864,0.937,0.795,0.142
overall,30,pcgrad,baron,20261002,0.20981178648565257,0.9576666666666667,0.815,0.14266666666666666
overall,30,pcgrad,dragon,20260930,0.14008297290140348,0.952,0.557,0.395
overall,30,pcgrad,dragon,20261001,0.1481154559096125,0.9986666666666667,0.591,0.4076666666666667
overall,30,pcgrad,dragon,20261002,0.13487509930267455,0.8856666666666667,0.5056666666666667,0.38
overall,30,pcgrad,teamfight,20260930,0.030765344784036374,0.7243333333333334,0.525,0.19933333333333333
overall,30,pcgrad,teamfight,20261001,0.03510987623137156,0.9216666666666666,0.688,0.23366666666666666
overall,30,pcgrad,teamfight,20261002,0.03642333922707754,0.934,0.704,0.23
overall,30,pcgrad,macro,20260930,0.12565251441103678,0.8536666666666667,0.609111111111111,0.24455555555555555
overall,30,pcgrad,macro,20261001,0.12967533698127423,0.9524444444444443,0.6913333333333332,0.2611111111111111
overall,30,pcgrad,macro,20261002,0.12703674167180154,0.9257777777777778,0.6748888888888889,0.2508888888888889
overall,60,leagueews,baron,20260930,0.23110151187904968,0.891,0.6233333333333333,0.26766666666666666
overall,60,leagueews,baron,20261001,0.23696390003085469,0.8526666666666667,0.588,0.26466666666666666
overall,60,leagueews,baron,20261002,0.23819808701018205,0.8806666666666667,0.6123333333333333,0.2683333333333333
overall,60,leagueews,dragon,20260930,0.08915173448671551,0.6446666666666667,0.134,0.5106666666666667
overall,60,leagueews,dragon,20261001,0.10106805543295966,0.6953333333333334,0.14833333333333334,0.547
overall,60,leagueews,dragon,20261002,0.0991261364639421,0.6666666666666666,0.143,0.5236666666666666
overall,60,leagueews,teamfight,20260930,0.03743369537762061,0.6643333333333333,0.377,0.28733333333333333
overall,60,leagueews,teamfight,20261001,0.05284162667340237,0.9553333333333334,0.582,0.37333333333333335
overall,60,leagueews,teamfight,20261002,0.036776963879767616,0.644,0.37566666666666665,0.2683333333333333
overall,60,leagueews,macro,20260930,0.11922898058112859,0.7333333333333334,0.37811111111111106,0.35522222222222216
overall,60,leagueews,macro,20261001,0.1302911940457389,0.8344444444444444,0.43944444444444447,0.395
overall,60,leagueews,macro,20261002,0.12470039578463059,0.7304444444444446,0.377,0.35344444444444445
overall,60,gru,baron,20260930,0.20240666460968837,0.8926666666666667,0.7313333333333333,0.16133333333333333
overall,60,gru,baron,20261001,0.21166306695464362,0.9353333333333333,0.752,0.18333333333333332
overall,60,gru,baron,20261002,0.14285714285714285,0.8273333333333334,0.7133333333333334,0.114
overall,60,gru,dragon,20260930,0.14838026304175125,0.5403333333333333,0.31133333333333335,0.229
overall,60,gru,dragon,20261001,0.17362520963897962,0.6813333333333333,0.4653333333333333,0.216
overall,60,gru,dragon,20261002,0.22190837673227998,0.9926666666666667,0.62,0.37266666666666665
overall,60,gru,teamfight,20260930,0.029148774943167467,0.47933333333333333,0.342,0.13733333333333334
overall,60,gru,teamfight,20261001,0.028997221520586005,0.4513333333333333,0.33066666666666666,0.12066666666666667
overall,60,gru,teamfight,20261002,0.03955544329376105,0.6953333333333334,0.5556666666666666,0.13966666666666666
overall,60,gru,macro,20260930,0.12664523419820237,0.6374444444444445,0.46155555555555555,0.17588888888888887
overall,60,gru,macro,20261001,0.13809516603806973,0.6893333333333334,0.516,0.17333333333333334
overall,60,gru,macro,20261002,0.1347736542943946,0.8384444444444444,0.6296666666666667,0.20877777777777776
overall,60,tcn,baron,20260930,0.22709040419623572,0.8866666666666667,0.618,0.26866666666666666
overall,60,tcn,baron,20261001,0.2165998148719531,0.8446666666666667,0.5786666666666667,0.266
overall,60,tcn,baron,20261002,0.25948781240357915,0.9876666666666667,0.7123333333333334,0.2753333333333333
overall,60,tcn,dragon,20260930,0.10318651249006973,0.7076666666666667,0.159,0.5486666666666666
overall,60,tcn,dragon,20261001,0.07802983493688763,0.5793333333333334,0.11066666666666666,0.4686666666666667
overall,60,tcn,dragon,20261002,0.12340012357666166,0.7746666666666666,0.18,0.5946666666666667
overall,60,tcn,teamfight,20260930,0.035766607729224555,0.634,0.37,0.264
overall,60,tcn,teamfight,20261001,0.036372821419550394,0.6483333333333333,0.37266666666666665,0.27566666666666667
overall,60,tcn,teamfight,20261002,0.032482950239959583,0.5656666666666667,0.319,0.24666666666666667
overall,60,tcn,macro,20260930,0.12201450813851,0.7427777777777779,0.38233333333333336,0.3604444444444444
overall,60,tcn,macro,20261001,0.11033415707613037,0.6907777777777778,0.35400000000000004,0.3367777777777778
overall,60,tcn,macro,20261002,0.13845696207340014,0.7759999999999999,0.4037777777777778,0.37222222222222223
overall,60,snapshot,baron,20260930,0.2113545202098118,0.816,0.5846666666666667,0.23133333333333334
overall,60,snapshot,baron,20261001,0.2437519284171552,0.945,0.6943333333333334,0.25066666666666665
overall,60,snapshot,baron,20261002,0.236346806541191,0.907,0.664,0.243
overall,60,snapshot,dragon,20260930,0.09833171506752582,0.5863333333333334,0.13966666666666666,0.44666666666666666
overall,60,snapshot,dragon,20261001,0.08420866802012535,0.526,0.11633333333333333,0.4096666666666667
overall,60,snapshot,dragon,20261002,0.08482655132844912,0.5046666666666667,0.11466666666666667,0.39
overall,60,snapshot,teamfight,20260930,0.0417782268249558,0.817,0.5523333333333333,0.26466666666666666
overall,60,snapshot,teamfight,20261001,0.023692851730234908,0.49533333333333335,0.314,0.18133333333333335
overall,60,snapshot,teamfight,20261002,0.040666835059358426,0.7683333333333333,0.5166666666666667,0.25166666666666665
overall,60,snapshot,macro,20260930,0.11715482070076448,0.7397777777777778,0.4255555555555555,0.3142222222222222
overall,60,snapshot,macro,20261001,0.11721781605583848,0.6554444444444445,0.3748888888888889,0.28055555555555556
overall,60,snapshot,macro,20261002,0.12061339764299951,0.7266666666666666,0.4317777777777778,0.2948888888888889
overall,60,independent,baron,20260930,0.23326133909287258,0.8433333333333334,0.584,0.25933333333333336
overall,60,independent,baron,20261001,0.27368096266584385,0.9503333333333334,0.6773333333333333,0.273
overall,60,independent,baron,20261002,0.2634989200863931,0.9176666666666666,0.6446666666666667,0.273
overall,60,independent,dragon,20260930,0.08385559184394033,0.6083333333333333,0.129,0.47933333333333333
overall,60,independent,dragon,20261001,0.10080324830082091,0.698,0.16233333333333333,0.5356666666666666
overall,60,independent,dragon,20261002,0.07838291111307265,0.5573333333333333,0.113,0.44433333333333336
overall,60,independent,teamfight,20260930,0.037938873452892145,0.7503333333333333,0.432,0.31833333333333336
overall,60,independent,teamfight,20261001,0.04637534730992675,0.858,0.5103333333333333,0.3476666666666667
overall,60,independent,teamfight,20261002,0.02919929275069462,0.5476666666666666,0.30133333333333334,0.24633333333333332
overall,60,independent,macro,20260930,0.11835193479656836,0.734,0.38166666666666665,0.35233333333333333
overall,60,independent,macro,20261001,0.1402865194255305,0.8354444444444445,0.45,0.3854444444444445
overall,60,independent,macro,20261002,0.12369370798338679,0.6742222222222223,0.35300000000000004,0.32122222222222224
overall,60,pcgrad,baron,20260930,0.2567108917000926,0.9583333333333334,0.681,0.2773333333333333
overall,60,pcgrad,baron,20261001,0.26103054612773835,0.9736666666666667,0.6963333333333334,0.2773333333333333
overall,60,pcgrad,baron,20261002,0.2406664609688368,0.9046666666666666,0.6323333333333333,0.2723333333333333
overall,60,pcgrad,dragon,20260930,0.07882425633330391,0.5983333333333334,0.119,0.47933333333333333
overall,60,pcgrad,dragon,20261001,0.09074057727954807,0.646,0.129,0.517
overall,60,pcgrad,dragon,20261002,0.09497749139376821,0.6563333333333333,0.13466666666666666,0.5216666666666666
overall,60,pcgrad,teamfight,20260930,0.03531194746148017,0.6106666666666667,0.3423333333333333,0.2683333333333333
overall,60,pcgrad,teamfight,20261001,0.037787320030310684,0.6596666666666666,0.38133333333333336,0.2783333333333333
overall,60,pcgrad,teamfight,20261002,0.030462237938873454,0.5253333333333333,0.2946666666666667,0.23066666666666666
overall,60,pcgrad,macro,20260930,0.12361569849829224,0.7224444444444446,0.3807777777777778,0.3416666666666666
overall,60,pcgrad,macro,20261001,0.12985281447919905,0.7597777777777779,0.40222222222222226,0.35755555555555557
overall,60,pcgrad,macro,20261002,0.1220353967671595,0.6954444444444444,0.35388888888888886,0.34155555555555556
europe,30,leagueews,baron,20260930,0.21428571428571427,0.89,0.7426666666666667,0.14733333333333334
europe,30,leagueews,baron,20261001,0.21677018633540374,0.936,0.79,0.146
europe,30,leagueews,baron,20261002,0.20496894409937888,0.8853333333333333,0.7373333333333333,0.148
europe,30,leagueews,dragon,20260930,0.13947651487988527,0.982,0.586,0.396
europe,30,leagueews,dragon,20261001,0.12101111509501614,0.8286666666666667,0.4686666666666667,0.36
europe,30,leagueews,dragon,20261002,0.1310505557547508,0.8873333333333333,0.516,0.37133333333333335
europe,30,leagueews,teamfight,20260930,0.032872319102024455,0.786,0.5853333333333334,0.20066666666666666
europe,30,leagueews,teamfight,20261001,0.030266586490278614,0.7486666666666667,0.554,0.19466666666666665
europe,30,leagueews,teamfight,20261002,0.029765484064942876,0.722,0.5346666666666666,0.18733333333333332
europe,30,leagueews,macro,20260930,0.12887818275587468,0.886,0.638,0.248
europe,30,leagueews,macro,20261001,0.1226826293068995,0.8377777777777778,0.6042222222222222,0.23355555555555554
europe,30,leagueews,macro,20261002,0.1219283279730242,0.8315555555555555,0.596,0.23555555555555555
europe,30,gru,baron,20260930,0.115527950310559,0.6753333333333333,0.6006666666666667,0.07466666666666667
europe,30,gru,baron,20261001,0.15403726708074533,0.8813333333333333,0.7806666666666666,0.10066666666666667
europe,30,gru,baron,20261002,0.09627329192546584,0.7833333333333333,0.726,0.05733333333333333
europe,30,gru,dragon,20260930,0.09645034062387953,0.8173333333333334,0.6526666666666666,0.16466666666666666
europe,30,gru,dragon,20261001,0.08910003585514521,0.878,0.7413333333333333,0.13666666666666666
europe,30,gru,dragon,20261002,0.08031552527787737,0.702,0.564,0.138
europe,30,gru,teamfight,20260930,0.020845860893966728,0.5646666666666667,0.4646666666666667,0.1
europe,30,gru,teamfight,20261001,0.025255562236921228,0.672,0.5573333333333333,0.11466666666666667
europe,30,gru,teamfight,20261002,0.02254960914010824,0.7546666666666667,0.6553333333333333,0.09933333333333333
europe,30,gru,macro,20260930,0.07760805060946842,0.6857777777777777,0.5726666666666667,0.11311111111111112
europe,30,gru,macro,20261001,0.08946428839093724,0.8104444444444444,0.693111111111111,0.11733333333333333
europe,30,gru,macro,20261002,0.06637947544781715,0.7466666666666666,0.6484444444444445,0.09822222222222222
europe,30,tcn,baron,20260930,0.21055900621118012,0.8866666666666667,0.7393333333333333,0.14733333333333334
europe,30,tcn,baron,20261001,0.21180124223602484,0.9393333333333334,0.7913333333333333,0.148
europe,30,tcn,baron,20261002,0.21055900621118012,0.9186666666666666,0.772,0.14666666666666667
europe,30,tcn,dragon,20260930,0.12244532090354966,0.81,0.4633333333333333,0.3466666666666667
europe,30,tcn,dragon,20261001,0.13087128002868412,0.8933333333333333,0.5253333333333333,0.368
europe,30,tcn,dragon,20261002,0.14557188956615275,0.9953333333333333,0.6093333333333333,0.386
europe,30,tcn,teamfight,20260930,0.027560633393465626,0.688,0.5113333333333333,0.17666666666666667
europe,30,tcn,teamfight,20261001,0.03257165764682301,0.828,0.6253333333333333,0.20266666666666666
europe,30,tcn,teamfight,20261002,0.02555622369212267,0.6366666666666667,0.4666666666666667,0.17
europe,30,tcn,macro,20260930,0.12018832016939847,0.794888888888889,0.5713333333333334,0.22355555555555554
europe,30,tcn,macro,20261001,0.125081393303844,0.886888888888889,0.6473333333333333,0.23955555555555555
europe,30,tcn,macro,20261002,0.12722903982315184,0.8502222222222221,0.616,0.23422222222222222
europe,30,snapshot,baron,20260930,0.20124223602484473,0.942,0.806,0.136
europe,30,snapshot,baron,20261001,0.18944099378881987,0.864,0.728,0.136
europe,30,snapshot,baron,20261002,0.1968944099378882,0.89,0.7553333333333333,0.13466666666666666
europe,30,snapshot,dragon,20260930,0.11939763356041593,0.864,0.5113333333333333,0.3526666666666667
europe,30,snapshot,dragon,20261001,0.11312298314808175,0.8193333333333334,0.4806666666666667,0.33866666666666667
europe,30,snapshot,dragon,20261002,0.11509501613481535,0.8066666666666666,0.4766666666666667,0.33
europe,30,snapshot,teamfight,20260930,0.02465423932651834,0.7466666666666667,0.5973333333333334,0.14933333333333335
europe,30,snapshot,teamfight,20261001,0.023752254960914012,0.692,0.5573333333333333,0.13466666666666666
europe,30,snapshot,teamfight,20261002,0.02515534175185408,0.7293333333333333,0.584,0.14533333333333334
europe,30,snapshot,macro,20260930,0.11509803630392633,0.8508888888888889,0.6382222222222222,0.21266666666666667
europe,30,snapshot,macro,20261001,0.10877207729927187,0.7917777777777778,0.5886666666666667,0.2031111111111111
europe,30,snapshot,macro,20261002,0.11238158927485253,0.8086666666666668,0.6053333333333333,0.20333333333333334
europe,30,independent,baron,20260930,0.22111801242236026,0.9306666666666666,0.7833333333333333,0.14733333333333334
europe,30,independent,baron,20261001,0.22546583850931676,0.8986666666666666,0.754,0.14466666666666667
europe,30,independent,baron,20261002,0.22546583850931676,0.916,0.7666666666666667,0.14933333333333335
europe,30,independent,dragon,20260930,0.1027249910362137,0.736,0.4066666666666667,0.3293333333333333
europe,30,independent,dragon,20261001,0.12244532090354966,0.8746666666666667,0.5073333333333333,0.36733333333333335
europe,30,independent,dragon,20261002,0.10953746862674794,0.7826666666666666,0.43933333333333335,0.3433333333333333
europe,30,independent,teamfight,20260930,0.03678091801964321,0.9346666666666666,0.7126666666666667,0.222
europe,30,independent,teamfight,20261001,0.02655842854279415,0.668,0.49666666666666665,0.17133333333333334
europe,30,independent,teamfight,20261002,0.028161956303868512,0.712,0.5306666666666666,0.18133333333333335
europe,30,independent,macro,20260930,0.1202079738260724,0.867111111111111,0.6342222222222222,0.2328888888888889
europe,30,independent,macro,20261001,0.1248231959852202,0.8137777777777778,0.586,0.22777777777777777
europe,30,independent,macro,20261002,0.12105508781331108,0.8035555555555556,0.5788888888888889,0.22466666666666668
europe,30,pcgrad,baron,20260930,0.21180124223602484,0.842,0.6953333333333334,0.14666666666666667
europe,30,pcgrad,baron,20261001,0.20993788819875778,0.8953333333333333,0.7473333333333333,0.148
europe,30,pcgrad,baron,20261002,0.21490683229813665,0.918,0.7686666666666667,0.14933333333333335
europe,30,pcgrad,dragon,20260930,0.13750448189315168,0.958,0.574,0.384
europe,30,pcgrad,dragon,20261001,0.14682681964861957,1.014,0.6146666666666667,0.3993333333333333
europe,30,pcgrad,dragon,20261002,0.1333811401936178,0.894,0.5213333333333333,0.37266666666666665
europe,30,pcgrad,teamfight,20260930,0.03126879134095009,0.7126666666666667,0.532,0.18066666666666667
europe,30,pcgrad,teamfight,20261001,0.035478051713770296,0.9173333333333333,0.6986666666666667,0.21866666666666668
europe,30,pcgrad,teamfight,20261002,0.03557827219883744,0.9146666666666666,0.6986666666666667,0.216
europe,30,pcgrad,macro,20260930,0.12685817182337553,0.8375555555555555,0.6004444444444444,0.23711111111111108
europe,30,pcgrad,macro,20261001,0.13074758652038254,0.9422222222222222,0.6868888888888889,0.25533333333333336
europe,30,pcgrad,macro,20261002,0.127955414896864,0.9088888888888889,0.6628888888888889,0.246
europe,60,leagueews,baron,20260930,0.23043478260869565,0.864,0.5833333333333334,0.2806666666666667
europe,60,leagueews,baron,20261001,0.2372670807453416,0.8253333333333334,0.5526666666666666,0.27266666666666667
europe,60,leagueews,baron,20261002,0.2329192546583851,0.854,0.5773333333333334,0.27666666666666667
europe,60,leagueews,dragon,20260930,0.09358192900681248,0.6166666666666667,0.124,0.49266666666666664
europe,60,leagueews,dragon,20261001,0.10559340265328075,0.6686666666666666,0.144,0.5246666666666666
europe,60,leagueews,dragon,20261002,0.10415919684474723,0.6446666666666667,0.138,0.5066666666666667
europe,60,leagueews,teamfight,20260930,0.03918620966125476,0.6346666666666667,0.36666666666666664,0.268
europe,60,leagueews,teamfight,20261001,0.05431950290639407,0.9386666666666666,0.5733333333333334,0.36533333333333334
europe,60,leagueews,teamfight,20261002,0.037582681900180395,0.6326666666666667,0.37466666666666665,0.258
europe,60,leagueews,macro,20260930,0.12106764042558764,0.705111111111111,0.35800000000000004,0.3471111111111111
europe,60,leagueews,macro,20261001,0.1323933287683388,0.8108888888888889,0.42333333333333334,0.3875555555555555
europe,60,leagueews,macro,20261002,0.1248870444677709,0.7104444444444445,0.36333333333333334,0.34711111111111115
europe,60,gru,baron,20260930,0.19875776397515527,0.8313333333333334,0.668,0.16333333333333333
europe,60,gru,baron,20261001,0.20993788819875778,0.8666666666666667,0.6833333333333333,0.18333333333333332
europe,60,gru,baron,20261002,0.1360248447204969,0.762,0.654,0.108
europe,60,gru,dragon,20260930,0.1479024740050197,0.5153333333333333,0.29933333333333334,0.216
europe,60,gru,dragon,20261001,0.17282179992828972,0.672,0.464,0.208
europe,60,gru,dragon,20261002,0.21961276443169594,0.99,0.6173333333333333,0.37266666666666665
europe,60,gru,teamfight,20260930,0.02866305872920425,0.4726666666666667,0.33,0.14266666666666666
europe,60,gru,teamfight,20261001,0.028462617759069955,0.44066666666666665,0.31533333333333335,0.12533333333333332
europe,60,gru,teamfight,20261002,0.037582681900180395,0.6933333333333334,0.5473333333333333,0.146
europe,60,gru,macro,20260930,0.12510776556979308,0.6064444444444445,0.43244444444444446,0.17400000000000002
europe,60,gru,macro,20261001,0.13707410196203915,0.6597777777777778,0.4875555555555556,0.1722222222222222
europe,60,gru,macro,20261002,0.13107343035079108,0.815111111111111,0.6062222222222222,0.20888888888888887
europe,60,tcn,baron,20260930,0.22422360248447204,0.8413333333333334,0.568,0.2733333333333333
europe,60,tcn,baron,20261001,0.21925465838509317,0.8173333333333334,0.5453333333333333,0.272
europe,60,tcn,baron,20261002,0.26149068322981367,0.9413333333333334,0.6573333333333333,0.284
europe,60,tcn,dragon,20260930,0.10882036572248117,0.682,0.156,0.526
europe,60,tcn,dragon,20261001,0.08121190390821083,0.5453333333333333,0.104,0.44133333333333336
europe,60,tcn,dragon,20261002,0.12979562567228398,0.738,0.172,0.566
europe,60,tcn,teamfight,20260930,0.03668069753457607,0.6093333333333333,0.35733333333333334,0.252
europe,60,tcn,teamfight,20261001,0.036881138504710365,0.6286666666666667,0.36733333333333335,0.2613333333333333
europe,60,tcn,teamfight,20261002,0.032872319102024455,0.5453333333333333,0.31266666666666665,0.23266666666666666
europe,60,tcn,macro,20260930,0.12324155524717643,0.7108888888888889,0.3604444444444444,0.3504444444444445
europe,60,tcn,macro,20261001,0.11244923359933812,0.6637777777777778,0.33888888888888885,0.3248888888888889
europe,60,tcn,macro,20261002,0.14138620933470736,0.7415555555555556,0.38066666666666665,0.3608888888888888
europe,60,snapshot,baron,20260930,0.2062111801242236,0.7886666666666666,0.5473333333333333,0.24133333333333334
europe,60,snapshot,baron,20261001,0.23664596273291927,0.8933333333333333,0.6366666666666667,0.25666666666666665
europe,60,snapshot,baron,20261002,0.2341614906832298,0.8686666666666667,0.6166666666666667,0.252
europe,60,snapshot,dragon,20260930,0.10290426676228039,0.5613333333333334,0.136,0.42533333333333334
europe,60,snapshot,dragon,20261001,0.09017569021154535,0.49066666666666664,0.10666666666666667,0.384
europe,60,snapshot,dragon,20261002,0.08999641448547867,0.46266666666666667,0.102,0.3606666666666667
europe,60,snapshot,teamfight,20260930,0.03998797354179194,0.764,0.5266666666666666,0.23733333333333334
europe,60,snapshot,teamfight,20261001,0.02214872719983965,0.4613333333333333,0.2986666666666667,0.16266666666666665
europe,60,snapshot,teamfight,20261002,0.03998797354179194,0.724,0.5,0.224
europe,60,snapshot,macro,20260930,0.11636780680943198,0.7046666666666667,0.4033333333333333,0.3013333333333334
europe,60,snapshot,macro,20261001,0.11632346004810142,0.615111111111111,0.3473333333333333,0.2677777777777778
europe,60,snapshot,macro,20261002,0.1213819595701668,0.6851111111111111,0.4062222222222222,0.2788888888888889
europe,60,independent,baron,20260930,0.23478260869565218,0.818,0.5513333333333333,0.26666666666666666
europe,60,independent,baron,20261001,0.2813664596273292,0.922,0.6386666666666667,0.2833333333333333
europe,60,independent,baron,20261002,0.26583850931677017,0.898,0.6153333333333333,0.2826666666666667
europe,60,independent,dragon,20260930,0.08784510577267839,0.578,0.12333333333333334,0.45466666666666666
europe,60,independent,dragon,20261001,0.10595195410541412,0.66,0.156,0.504
europe,60,independent,dragon,20261002,0.08121190390821083,0.5226666666666666,0.10466666666666667,0.418
europe,60,independent,teamfight,20260930,0.04078973742232912,0.7173333333333334,0.41333333333333333,0.304
europe,60,independent,teamfight,20261001,0.04910803768290239,0.8473333333333334,0.5066666666666667,0.3406666666666667
europe,60,independent,teamfight,20261002,0.031369011826017236,0.538,0.29533333333333334,0.24266666666666667
europe,60,independent,macro,20260930,0.12113915063021989,0.7044444444444444,0.3626666666666667,0.3417777777777778
europe,60,independent,macro,20261001,0.14547548380521524,0.8097777777777778,0.4337777777777778,0.37600000000000006
europe,60,independent,macro,20261002,0.12613980835033275,0.6528888888888889,0.3384444444444445,0.31444444444444447
europe,60,pcgrad,baron,20260930,0.25590062111801243,0.9306666666666666,0.642,0.2886666666666667
europe,60,pcgrad,baron,20261001,0.2602484472049689,0.9446666666666667,0.662,0.2826666666666667
europe,60,pcgrad,baron,20261002,0.2422360248447205,0.872,0.5913333333333334,0.2806666666666667
europe,60,pcgrad,dragon,20260930,0.08264610971674435,0.5686666666666667,0.11066666666666666,0.458
europe,60,pcgrad,dragon,20261001,0.09465758336321262,0.618,0.126,0.492
europe,60,pcgrad,dragon,20261002,0.09770527070634637,0.6266666666666667,0.12533333333333332,0.5013333333333333
europe,60,pcgrad,teamfight,20260930,0.03607937462417318,0.58,0.332,0.248
europe,60,pcgrad,teamfight,20261001,0.03808378432551614,0.6413333333333333,0.37133333333333335,0.27
europe,60,pcgrad,teamfight,20261002,0.030266586490278614,0.5086666666666667,0.2886666666666667,0.22
europe,60,pcgrad,macro,20260930,0.12487536848630998,0.6931111111111111,0.3615555555555556,0.33155555555555555
europe,60,pcgrad,macro,20261001,0.1309966049645659,0.7346666666666666,0.3864444444444444,0.3482222222222222
europe,60,pcgrad,macro,20261002,0.12340262734711517,0.6691111111111111,0.33511111111111114,0.334
americas,30,leagueews,baron,20260930,0.20600858369098712,0.9886666666666667,0.8533333333333334,0.13533333333333333
americas,30,leagueews,baron,20261001,0.20907418761496016,1.0113333333333334,0.8746666666666667,0.13666666666666666
americas,30,leagueews,baron,20261002,0.2017167381974249,0.976,0.8413333333333334,0.13466666666666666
americas,30,leagueews,dragon,20260930,0.1411928360285168,0.9666666666666667,0.5526666666666666,0.414
americas,30,leagueews,dragon,20261001,0.12606503216831855,0.7973333333333333,0.43466666666666665,0.3626666666666667
americas,30,leagueews,dragon,20261002,0.13162928186402365,0.87,0.48733333333333334,0.38266666666666665
americas,30,leagueews,teamfight,20260930,0.03259651624732607,0.8073333333333333,0.5786666666666667,0.22866666666666666
americas,30,leagueews,teamfight,20261001,0.02913313639604767,0.76,0.542,0.218
americas,30,leagueews,teamfight,20261002,0.030253641642049505,0.7226666666666667,0.522,0.20066666666666666
americas,30,leagueews,macro,20260930,0.12659931198894334,0.9208888888888889,0.6615555555555556,0.25933333333333336
americas,30,leagueews,macro,20261001,0.12142411872644214,0.8562222222222223,0.6171111111111112,0.23911111111111114
americas,30,leagueews,macro,20261002,0.12119988723449936,0.8562222222222222,0.6168888888888889,0.23933333333333331
americas,30,gru,baron,20260930,0.11710606989576947,0.8106666666666666,0.736,0.07466666666666667
americas,30,gru,baron,20261001,0.1477621091354997,1.012,0.9153333333333333,0.09666666666666666
americas,30,gru,baron,20261002,0.0944206008583691,0.9433333333333334,0.878,0.06533333333333333
americas,30,gru,dragon,20260930,0.10102590853764562,0.8826666666666667,0.708,0.17466666666666666
americas,30,gru,dragon,20261001,0.09007129194922622,0.9093333333333333,0.7726666666666666,0.13666666666666666
americas,30,gru,dragon,20261002,0.08155103460267779,0.7426666666666667,0.6006666666666667,0.142
americas,30,gru,teamfight,20260930,0.019456045635122748,0.5946666666666667,0.486,0.10866666666666666
americas,30,gru,teamfight,20261001,0.02342874605276561,0.7273333333333334,0.594,0.13333333333333333
americas,30,gru,teamfight,20261002,0.020678414994397473,0.77,0.6666666666666666,0.10333333333333333
americas,30,gru,macro,20260930,0.07919600802284595,0.7626666666666667,0.6433333333333333,0.11933333333333333
americas,30,gru,macro,20261001,0.08708738237916384,0.882888888888889,0.7606666666666667,0.12222222222222223
americas,30,gru,macro,20261002,0.06555001681848145,0.8186666666666667,0.7151111111111111,0.10355555555555555
americas,30,tcn,baron,20260930,0.20478234212139793,1.02,0.876,0.144
americas,30,tcn,baron,20261001,0.20784794604537093,1.026,0.8826666666666667,0.14333333333333334
americas,30,tcn,baron,20261002,0.19865113427345188,1.004,0.864,0.14
americas,30,tcn,dragon,20260930,0.1255433837593462,0.8066666666666666,0.44333333333333336,0.36333333333333334
americas,30,tcn,dragon,20261001,0.1364980003477656,0.8926666666666667,0.5073333333333333,0.38533333333333336
americas,30,tcn,dragon,20261002,0.1507563901930099,0.9966666666666667,0.5866666666666667,0.41
americas,30,tcn,teamfight,20260930,0.027401446470408476,0.6993333333333334,0.5033333333333333,0.196
americas,30,tcn,teamfight,20261001,0.03178160334114292,0.862,0.626,0.236
americas,30,tcn,teamfight,20261002,0.025160435978404807,0.642,0.448,0.194
americas,30,tcn,macro,20260930,0.11924239078371755,0.842,0.6075555555555555,0.23444444444444446
americas,30,tcn,macro,20261001,0.1253758499114265,0.926888888888889,0.672,0.2548888888888889
americas,30,tcn,macro,20261002,0.12485598681495552,0.8808888888888888,0.632888888888889,0.248
americas,30,snapshot,baron,20260930,0.18270999386879216,1.032,0.8993333333333333,0.13266666666666665
americas,30,snapshot,baron,20261001,0.17167381974248927,0.9606666666666667,0.832,0.12866666666666668
americas,30,snapshot,baron,20261002,0.17657878602084612,0.994,0.8646666666666667,0.12933333333333333
americas,30,snapshot,dragon,20260930,0.12032689966962268,0.8526666666666667,0.4866666666666667,0.366
americas,30,snapshot,dragon,20261001,0.1178925404277517,0.8066666666666666,0.462,0.3446666666666667
americas,30,snapshot,dragon,20261002,0.11858807163971483,0.8093333333333333,0.458,0.35133333333333333
americas,30,snapshot,teamfight,20260930,0.02729958235713558,0.828,0.6393333333333333,0.18866666666666668
americas,30,snapshot,teamfight,20261001,0.02628094122440664,0.74,0.572,0.168
americas,30,snapshot,teamfight,20261002,0.02831822348986452,0.8246666666666667,0.642,0.18266666666666667
americas,30,snapshot,macro,20260930,0.11011215863185014,0.9042222222222223,0.6751111111111111,0.22911111111111113
americas,30,snapshot,macro,20261001,0.10528243379821588,0.8357777777777778,0.622,0.21377777777777782
americas,30,snapshot,macro,20261002,0.10782836038347515,0.876,0.6548888888888889,0.22111111111111112
americas,30,independent,baron,20260930,0.2017167381974249,1.008,0.864,0.144
americas,30,independent,baron,20261001,0.20600858369098712,0.98,0.8393333333333334,0.14066666666666666
americas,30,independent,baron,20261002,0.21091354996934397,0.9773333333333334,0.8366666666666667,0.14066666666666666
americas,30,independent,dragon,20260930,0.10519909580942445,0.7153333333333334,0.37133333333333335,0.344
americas,30,independent,dragon,20261001,0.12415232133541992,0.846,0.466,0.38
americas,30,independent,dragon,20261002,0.11128499391410189,0.756,0.4053333333333333,0.3506666666666667
americas,30,independent,teamfight,20260930,0.03575430375878578,0.982,0.7213333333333334,0.26066666666666666
americas,30,independent,teamfight,20261001,0.026382805337679536,0.674,0.472,0.202
americas,30,independent,teamfight,20261002,0.0286238158296832,0.7253333333333334,0.5113333333333333,0.214
americas,30,independent,macro,20260930,0.11422337925521171,0.9017777777777778,0.6522222222222223,0.24955555555555553
americas,30,independent,macro,20261001,0.11884790345469554,0.8333333333333334,0.5924444444444444,0.24088888888888885
americas,30,independent,macro,20261002,0.11694078657104302,0.8195555555555556,0.5844444444444444,0.23511111111111113
americas,30,pcgrad,baron,20260930,0.2004904966278357,0.9273333333333333,0.7953333333333333,0.132
americas,30,pcgrad,baron,20261001,0.2017167381974249,0.9786666666666667,0.8426666666666667,0.136
americas,30,pcgrad,baron,20261002,0.20478234212139793,0.9973333333333333,0.8613333333333333,0.136
americas,30,pcgrad,dragon,20260930,0.14258389845244304,0.946,0.54,0.406
americas,30,pcgrad,dragon,20261001,0.14936532776908365,0.9833333333333333,0.5673333333333334,0.416
americas,30,pcgrad,dragon,20261002,0.13632411754477483,0.8773333333333333,0.49,0.3873333333333333
americas,30,pcgrad,teamfight,20260930,0.030253641642049505,0.736,0.518,0.218
americas,30,pcgrad,teamfight,20261001,0.03473566262605684,0.926,0.6773333333333333,0.24866666666666667
americas,30,pcgrad,teamfight,20261002,0.03728226545787919,0.9533333333333334,0.7093333333333334,0.244
americas,30,pcgrad,macro,20260930,0.12444267890744275,0.8697777777777778,0.6177777777777778,0.252
americas,30,pcgrad,macro,20261001,0.12860590953085513,0.9626666666666667,0.6957777777777778,0.2668888888888889
americas,30,pcgrad,macro,20261002,0.12612957504135067,0.9426666666666668,0.6868888888888889,0.25577777777777777
americas,60,leagueews,baron,20260930,0.2317596566523605,0.918,0.6633333333333333,0.25466666666666665
americas,60,leagueews,baron,20261001,0.23666462293071736,0.88,0.6233333333333333,0.25666666666666665
americas,60,leagueews,baron,20261002,0.24340895156345801,0.9073333333333333,0.6473333333333333,0.26
americas,60,leagueews,dragon,20260930,0.0848548078595027,0.6726666666666666,0.144,0.5286666666666666
americas,60,leagueews,dragon,20261001,0.09667883846287602,0.722,0.15266666666666667,0.5693333333333334
americas,60,leagueews,dragon,20261002,0.09424447922100504,0.6886666666666666,0.148,0.5406666666666666
americas,60,leagueews,teamfight,20260930,0.03565243964551289,0.694,0.3873333333333333,0.30666666666666664
americas,60,leagueews,teamfight,20261001,0.051339513089538553,0.972,0.5906666666666667,0.38133333333333336
americas,60,leagueews,teamfight,20261002,0.03595803198533157,0.6553333333333333,0.37666666666666665,0.2786666666666667
americas,60,leagueews,macro,20260930,0.11742230138579203,0.7615555555555554,0.3982222222222222,0.3633333333333333
americas,60,leagueews,macro,20261001,0.12822765816104398,0.858,0.45555555555555555,0.40244444444444444
americas,60,leagueews,macro,20261002,0.12453715425659821,0.7504444444444444,0.39066666666666666,0.35977777777777775
americas,60,gru,baron,20260930,0.20600858369098712,0.954,0.7946666666666666,0.15933333333333333
americas,60,gru,baron,20261001,0.21336603310852237,1.004,0.8206666666666667,0.18333333333333332
americas,60,gru,baron,20261002,0.1496014714898835,0.8926666666666667,0.7726666666666666,0.12
americas,60,gru,dragon,20260930,0.14884367936011128,0.5653333333333334,0.3233333333333333,0.242
americas,60,gru,dragon,20261001,0.17440445139975658,0.6906666666666667,0.4666666666666667,0.224
americas,60,gru,dragon,20261002,0.22413493305512086,0.9953333333333333,0.6226666666666667,0.37266666666666665
americas,60,gru,teamfight,20260930,0.02964245696241214,0.486,0.354,0.132
americas,60,gru,teamfight,20261001,0.02954059284913925,0.462,0.346,0.116
americas,60,gru,teamfight,20261002,0.041560558215340736,0.6973333333333334,0.564,0.13333333333333333
americas,60,gru,macro,20260930,0.12816490667117017,0.6684444444444445,0.49066666666666664,0.17777777777777778
americas,60,gru,macro,20261001,0.13910369245247273,0.7188888888888889,0.5444444444444444,0.17444444444444443
americas,60,gru,macro,20261002,0.138432320920115,0.8617777777777778,0.6531111111111111,0.20866666666666667
americas,60,tcn,baron,20260930,0.2299202942979767,0.932,0.668,0.264
americas,60,tcn,baron,20261001,0.21397915389331698,0.872,0.612,0.26
americas,60,tcn,baron,20261002,0.2575107296137339,1.034,0.7673333333333333,0.26666666666666666
americas,60,tcn,dragon,20260930,0.09772213528082073,0.7333333333333333,0.162,0.5713333333333334
americas,60,tcn,dragon,20261001,0.074943488089028,0.6133333333333333,0.11733333333333333,0.496
americas,60,tcn,dragon,20261002,0.11719700921578856,0.8113333333333334,0.188,0.6233333333333333
americas,60,tcn,teamfight,20260930,0.03483752673932974,0.6586666666666666,0.38266666666666665,0.276
americas,60,tcn,teamfight,20261001,0.03585616787205868,0.668,0.378,0.29
americas,60,tcn,teamfight,20261002,0.0320871956809616,0.586,0.3253333333333333,0.26066666666666666
americas,60,tcn,macro,20260930,0.12082665210604238,0.7746666666666666,0.40422222222222226,0.3704444444444445
americas,60,tcn,macro,20261001,0.10825960328480122,0.7177777777777777,0.3691111111111111,0.3486666666666667
americas,60,tcn,macro,20261002,0.1355983115034947,0.8104444444444444,0.4268888888888889,0.3835555555555555
americas,60,snapshot,baron,20260930,0.2164316370324954,0.8433333333333334,0.622,0.22133333333333333
americas,60,snapshot,baron,20261001,0.25076640098099323,0.9966666666666667,0.752,0.24466666666666667
americas,60,snapshot,baron,20261002,0.23850398528510117,0.9453333333333334,0.7113333333333334,0.234
americas,60,snapshot,dragon,20260930,0.09389671361502347,0.6113333333333333,0.14333333333333334,0.468
americas,60,snapshot,dragon,20261001,0.07842114414884369,0.5613333333333334,0.126,0.43533333333333335
americas,60,snapshot,dragon,20261002,0.07981220657276995,0.5466666666666666,0.12733333333333333,0.41933333333333334
americas,60,snapshot,teamfight,20260930,0.043597840480798615,0.87,0.578,0.292
americas,60,snapshot,teamfight,20261001,0.0252623000916777,0.5293333333333333,0.3293333333333333,0.2
americas,60,snapshot,teamfight,20261002,0.041356829988794946,0.8126666666666666,0.5333333333333333,0.2793333333333333
americas,60,snapshot,macro,20260930,0.11797539704277249,0.774888888888889,0.4477777777777778,0.32711111111111113
americas,60,snapshot,macro,20261001,0.11814994840717154,0.6957777777777778,0.40244444444444444,0.2933333333333334
americas,60,snapshot,macro,20261002,0.11989100728222202,0.7682222222222223,0.4573333333333333,0.3108888888888889
americas,60,independent,baron,20260930,0.2317596566523605,0.8686666666666667,0.6166666666666667,0.252
americas,60,independent,baron,20261001,0.26609442060085836,0.9786666666666667,0.716,0.26266666666666666
americas,60,independent,baron,20261002,0.2611894543225015,0.9373333333333334,0.674,0.2633333333333333
americas,60,independent,dragon,20260930,0.07998608937576074,0.6386666666666667,0.13466666666666666,0.504
americas,60,independent,dragon,20261001,0.0958094244479221,0.736,0.16866666666666666,0.5673333333333334
americas,60,independent,dragon,20261002,0.07563901930099114,0.592,0.12133333333333333,0.4706666666666667
americas,60,independent,teamfight,20260930,0.03504125496587552,0.7833333333333333,0.45066666666666666,0.33266666666666667
americas,60,independent,teamfight,20261001,0.043597840480798615,0.8686666666666667,0.514,0.3546666666666667
americas,60,independent,teamfight,20261002,0.0269939900173169,0.5573333333333333,0.30733333333333335,0.25
americas,60,independent,macro,20260930,0.1155956669979989,0.7635555555555555,0.40066666666666667,0.36288888888888887
americas,60,independent,macro,20261001,0.1351672285098597,0.861111111111111,0.46622222222222226,0.3948888888888889
americas,60,independent,macro,20261002,0.12127415454693652,0.6955555555555555,0.3675555555555556,0.328
americas,60,pcgrad,baron,20260930,0.2575107296137339,0.986,0.72,0.266
americas,60,pcgrad,baron,20261001,0.26180257510729615,1.0026666666666666,0.7306666666666667,0.272
americas,60,pcgrad,baron,20261002,0.23911710606989578,0.9373333333333334,0.6733333333333333,0.264
americas,60,pcgrad,dragon,20260930,0.07511737089201878,0.628,0.12733333333333333,0.5006666666666667
americas,60,pcgrad,dragon,20261001,0.0869414014953921,0.674,0.132,0.542
americas,60,pcgrad,dragon,20261002,0.09233176838810642,0.686,0.144,0.542
americas,60,pcgrad,teamfight,20260930,0.03453193439951105,0.6413333333333333,0.3526666666666667,0.2886666666666667
americas,60,pcgrad,teamfight,20261001,0.03748599368442498,0.678,0.3913333333333333,0.2866666666666667
americas,60,pcgrad,teamfight,20261002,0.03066109809514108,0.542,0.3006666666666667,0.24133333333333334
americas,60,pcgrad,macro,20260930,0.12238667830175458,0.7517777777777778,0.39999999999999997,0.3517777777777778
americas,60,pcgrad,macro,20261001,0.12874332342903774,0.7848888888888889,0.418,0.3668888888888889
americas,60,pcgrad,macro,20261002,0.12070332418438108,0.721777777777778,0.3726666666666667,0.34911111111111115
