family,policy,horizon,budget,region,seed,event,burden,above_nominal,above_hard_one
timely_equal_sum,uncapped_empirical,30,1.0,europe,20261002,dragon,1.004,0.0040000000000000036,True
timely_equal_tcn,uncapped_empirical,30,0.25,europe,20260930,dragon,0.27,0.020000000000000018,False
timely_equal_tcn,uncapped_empirical,30,0.25,europe,20261002,dragon,0.25466666666666665,0.004666666666666652,False
timely_equal_tcn,uncapped_empirical,30,0.75,europe,20261002,dragon,0.7593333333333333,0.009333333333333305,False
timely_equal_tcn,uncapped_empirical,30,1.0,europe,20260930,dragon,1.018,0.018000000000000016,True
timely_independent,uncapped_empirical,30,0.25,europe,20260930,dragon,0.25666666666666665,0.006666666666666654,False
timely_independent,uncapped_empirical,30,0.25,europe,20261001,baron,0.25466666666666665,0.004666666666666652,False
timely_independent,uncapped_empirical,30,0.25,europe,20261001,dragon,0.2633333333333333,0.013333333333333308,False
timely_independent,uncapped_empirical,30,0.5,europe,20260930,dragon,0.5013333333333333,0.0013333333333332975,False
timely_independent,uncapped_empirical,30,1.0,europe,20261002,dragon,1.0066666666666666,0.006666666666666599,True
timely_leagueews,uncapped_empirical,30,0.25,europe,20260930,dragon,0.258,0.008000000000000007,False
timely_leagueews,uncapped_empirical,30,1.0,europe,20261001,dragon,1.0006666666666666,0.0006666666666665932,True
timely_equal_tcn,capped_empirical,30,0.25,europe,20260930,dragon,0.27,0.020000000000000018,False
timely_equal_tcn,capped_empirical,30,0.25,europe,20261002,dragon,0.25466666666666665,0.004666666666666652,False
timely_equal_tcn,capped_empirical,30,0.75,europe,20261002,dragon,0.7573333333333333,0.007333333333333303,False
timely_equal_tcn,capped_empirical,30,1.0,europe,20260930,dragon,1.016,0.016000000000000014,True
timely_independent,capped_empirical,30,0.25,europe,20260930,dragon,0.25666666666666665,0.006666666666666654,False
timely_independent,capped_empirical,30,0.25,europe,20261001,baron,0.25466666666666665,0.004666666666666652,False
timely_independent,capped_empirical,30,0.25,europe,20261001,dragon,0.2633333333333333,0.013333333333333308,False
timely_independent,capped_empirical,30,0.5,europe,20260930,dragon,0.5013333333333333,0.0013333333333332975,False
timely_leagueews,capped_empirical,30,0.25,europe,20260930,dragon,0.258,0.008000000000000007,False
timely_equal_tcn,capped_sequence,30,0.25,europe,20260930,dragon,0.27,0.020000000000000018,False
timely_equal_tcn,capped_sequence,30,0.25,europe,20261002,dragon,0.25466666666666665,0.004666666666666652,False
timely_equal_tcn,capped_sequence,30,0.75,europe,20261002,dragon,0.7573333333333333,0.007333333333333303,False
timely_equal_tcn,capped_sequence,30,1.0,europe,20260930,dragon,1.016,0.016000000000000014,True
timely_independent,capped_sequence,30,0.25,europe,20260930,dragon,0.25666666666666665,0.006666666666666654,False
timely_independent,capped_sequence,30,0.25,europe,20261001,baron,0.25466666666666665,0.004666666666666652,False
timely_independent,capped_sequence,30,0.25,europe,20261001,dragon,0.2633333333333333,0.013333333333333308,False
timely_independent,capped_sequence,30,0.5,europe,20260930,dragon,0.5013333333333333,0.0013333333333332975,False
timely_leagueews,capped_sequence,30,0.25,europe,20260930,dragon,0.258,0.008000000000000007,False
timely_equal_sum,uncapped_empirical,60,0.25,europe,20261002,baron,0.2633333333333333,0.013333333333333308,False
timely_equal_sum,uncapped_empirical,60,0.5,europe,20261002,baron,0.514,0.014000000000000012,False
timely_leagueews,uncapped_empirical,60,0.25,europe,20260930,baron,0.25333333333333335,0.003333333333333355,False
timely_leagueews,uncapped_empirical,60,0.5,europe,20261002,baron,0.5013333333333333,0.0013333333333332975,False
timely_equal_sum,capped_empirical,60,0.25,europe,20261002,baron,0.2633333333333333,0.013333333333333308,False
timely_equal_sum,capped_empirical,60,0.5,europe,20261002,baron,0.5093333333333333,0.009333333333333305,False
timely_leagueews,capped_empirical,60,0.25,europe,20260930,baron,0.25333333333333335,0.003333333333333355,False
timely_equal_sum,capped_sequence,60,0.25,europe,20261002,baron,0.2633333333333333,0.013333333333333308,False
timely_equal_sum,capped_sequence,60,0.5,europe,20261002,baron,0.5093333333333333,0.009333333333333305,False
timely_leagueews,capped_sequence,60,0.25,europe,20260930,baron,0.25333333333333335,0.003333333333333355,False
timely_equal_sum,uncapped_empirical,30,0.25,americas,20260930,dragon,0.25933333333333336,0.00933333333333336,False
timely_equal_sum,uncapped_empirical,30,0.25,americas,20261001,dragon,0.25733333333333336,0.007333333333333358,False
timely_equal_sum,uncapped_empirical,30,0.25,americas,20261002,dragon,0.25133333333333335,0.001333333333333353,False
timely_equal_sum,uncapped_empirical,30,0.5,americas,20260930,dragon,0.514,0.014000000000000012,False
timely_equal_sum,uncapped_empirical,30,0.5,americas,20261002,baron,0.506,0.006000000000000005,False
timely_equal_sum,uncapped_empirical,30,0.5,americas,20261002,teamfight,0.5046666666666667,0.004666666666666708,False
timely_equal_sum,uncapped_empirical,30,0.75,americas,20260930,baron,0.758,0.008000000000000007,False
timely_equal_sum,uncapped_empirical,30,0.75,americas,20261001,baron,0.7593333333333333,0.009333333333333305,False
timely_equal_sum,uncapped_empirical,30,0.75,americas,20261002,baron,0.7893333333333333,0.03933333333333333,False
timely_equal_sum,uncapped_empirical,30,1.0,americas,20260930,baron,1.014,0.014000000000000012,True
timely_equal_sum,uncapped_empirical,30,1.0,americas,20261001,baron,1.04,0.040000000000000036,True
timely_equal_sum,uncapped_empirical,30,1.0,americas,20261002,baron,1.0533333333333332,0.05333333333333323,True
timely_equal_tcn,uncapped_empirical,30,0.25,americas,20260930,dragon,0.26466666666666666,0.014666666666666661,False
timely_equal_tcn,uncapped_empirical,30,0.25,americas,20261001,baron,0.25266666666666665,0.0026666666666666505,False
timely_equal_tcn,uncapped_empirical,30,0.25,americas,20261002,baron,0.25066666666666665,0.0006666666666666488,False
timely_equal_tcn,uncapped_empirical,30,0.5,americas,20260930,baron,0.5113333333333333,0.011333333333333306,False
timely_equal_tcn,uncapped_empirical,30,0.5,americas,20261001,baron,0.5226666666666666,0.022666666666666613,False
timely_equal_tcn,uncapped_empirical,30,0.5,americas,20261002,baron,0.5246666666666666,0.024666666666666615,False
timely_equal_tcn,uncapped_empirical,30,0.75,americas,20260930,baron,0.7753333333333333,0.02533333333333332,False
timely_equal_tcn,uncapped_empirical,30,0.75,americas,20261001,baron,0.7813333333333333,0.031333333333333324,False
timely_equal_tcn,uncapped_empirical,30,0.75,americas,20261002,baron,0.7833333333333333,0.033333333333333326,False
timely_equal_tcn,uncapped_empirical,30,1.0,americas,20260930,baron,1.016,0.016000000000000014,True
timely_equal_tcn,uncapped_empirical,30,1.0,americas,20260930,dragon,1.0166666666666666,0.016666666666666607,True
timely_equal_tcn,uncapped_empirical,30,1.0,americas,20261001,baron,1.0186666666666666,0.01866666666666661,True
timely_equal_tcn,uncapped_empirical,30,1.0,americas,20261002,baron,1.0493333333333332,0.04933333333333323,True
timely_equal_gru,uncapped_empirical,30,0.25,americas,20261001,baron,0.25133333333333335,0.001333333333333353,False
timely_equal_gru,uncapped_empirical,30,0.5,americas,20260930,baron,0.5086666666666667,0.008666666666666711,False
timely_equal_gru,uncapped_empirical,30,0.5,americas,20261001,baron,0.502,0.0020000000000000018,False
timely_equal_gru,uncapped_empirical,30,0.75,americas,20261001,baron,0.7553333333333333,0.005333333333333301,False
timely_equal_gru,uncapped_empirical,30,1.0,americas,20260930,baron,1.036,0.03600000000000003,True
timely_equal_gru,uncapped_empirical,30,1.0,americas,20261001,baron,1.0026666666666666,0.002666666666666595,True
timely_equal_gru,uncapped_empirical,30,1.0,americas,20261002,baron,1.0006666666666666,0.0006666666666665932,True
timely_independent,uncapped_empirical,30,0.25,americas,20261001,dragon,0.256,0.006000000000000005,False
timely_independent,uncapped_empirical,30,0.5,americas,20260930,dragon,0.5153333333333333,0.01533333333333331,False
timely_independent,uncapped_empirical,30,0.5,americas,20261001,dragon,0.5133333333333333,0.013333333333333308,False
timely_independent,uncapped_empirical,30,0.5,americas,20261002,dragon,0.5026666666666667,0.002666666666666706,False
timely_independent,uncapped_empirical,30,0.75,americas,20260930,baron,0.762,0.01200000000000001,False
timely_independent,uncapped_empirical,30,0.75,americas,20261001,dragon,0.7546666666666667,0.004666666666666708,False
timely_independent,uncapped_empirical,30,1.0,americas,20260930,baron,1.0206666666666666,0.02066666666666661,True
timely_independent,uncapped_empirical,30,1.0,americas,20261001,baron,1.0193333333333334,0.019333333333333425,True
timely_independent,uncapped_empirical,30,1.0,americas,20261001,dragon,1.0053333333333334,0.005333333333333412,True
timely_leagueews,uncapped_empirical,30,0.25,americas,20260930,baron,0.25266666666666665,0.0026666666666666505,False
timely_leagueews,uncapped_empirical,30,0.25,americas,20260930,dragon,0.2733333333333333,0.023333333333333317,False
timely_leagueews,uncapped_empirical,30,0.25,americas,20261001,baron,0.25533333333333336,0.005333333333333357,False
timely_leagueews,uncapped_empirical,30,0.25,americas,20261001,dragon,0.252,0.0020000000000000018,False
timely_leagueews,uncapped_empirical,30,0.25,americas,20261002,dragon,0.25466666666666665,0.004666666666666652,False
timely_leagueews,uncapped_empirical,30,0.5,americas,20260930,baron,0.5013333333333333,0.0013333333333332975,False
timely_leagueews,uncapped_empirical,30,0.5,americas,20261001,baron,0.532,0.03200000000000003,False
timely_leagueews,uncapped_empirical,30,0.5,americas,20261002,baron,0.5033333333333333,0.0033333333333332993,False
timely_leagueews,uncapped_empirical,30,0.75,americas,20260930,baron,0.7826666666666666,0.03266666666666662,False
timely_leagueews,uncapped_empirical,30,0.75,americas,20261001,baron,0.7806666666666666,0.03066666666666662,False
timely_leagueews,uncapped_empirical,30,0.75,americas,20261002,baron,0.762,0.01200000000000001,False
timely_leagueews,uncapped_empirical,30,1.0,americas,20260930,baron,1.0573333333333332,0.057333333333333236,True
timely_leagueews,uncapped_empirical,30,1.0,americas,20260930,teamfight,1.012,0.01200000000000001,True
timely_leagueews,uncapped_empirical,30,1.0,americas,20261001,baron,1.014,0.014000000000000012,True
timely_leagueews,uncapped_empirical,30,1.0,americas,20261002,baron,1.0226666666666666,0.022666666666666613,True
timely_equal_sum,capped_empirical,30,0.25,americas,20260930,dragon,0.25933333333333336,0.00933333333333336,False
timely_equal_sum,capped_empirical,30,0.25,americas,20261001,dragon,0.25733333333333336,0.007333333333333358,False
timely_equal_sum,capped_empirical,30,0.25,americas,20261002,dragon,0.25133333333333335,0.001333333333333353,False
timely_equal_sum,capped_empirical,30,0.5,americas,20260930,baron,0.502,0.0020000000000000018,False
timely_equal_sum,capped_empirical,30,0.5,americas,20260930,dragon,0.5133333333333333,0.013333333333333308,False
timely_equal_sum,capped_empirical,30,0.5,americas,20261001,baron,0.5086666666666667,0.008666666666666711,False
timely_equal_sum,capped_empirical,30,0.5,americas,20261002,baron,0.5026666666666667,0.002666666666666706,False
timely_equal_sum,capped_empirical,30,0.75,americas,20260930,baron,0.7573333333333333,0.007333333333333303,False
timely_equal_sum,capped_empirical,30,0.75,americas,20261001,baron,0.766,0.016000000000000014,False
timely_equal_sum,capped_empirical,30,0.75,americas,20261002,baron,0.778,0.028000000000000025,False
timely_equal_sum,capped_empirical,30,1.0,americas,20260930,baron,1.0086666666666666,0.0086666666666666,True
timely_equal_sum,capped_empirical,30,1.0,americas,20261001,baron,1.026,0.026000000000000023,True
timely_equal_sum,capped_empirical,30,1.0,americas,20261002,baron,1.048,0.04800000000000004,True
timely_equal_tcn,capped_empirical,30,0.25,americas,20260930,dragon,0.26466666666666666,0.014666666666666661,False
timely_equal_tcn,capped_empirical,30,0.25,americas,20261001,baron,0.252,0.0020000000000000018,False
timely_equal_tcn,capped_empirical,30,0.25,americas,20261002,baron,0.25066666666666665,0.0006666666666666488,False
timely_equal_tcn,capped_empirical,30,0.5,americas,20260930,baron,0.5046666666666667,0.004666666666666708,False
timely_equal_tcn,capped_empirical,30,0.5,americas,20261001,baron,0.522,0.02200000000000002,False
timely_equal_tcn,capped_empirical,30,0.5,americas,20261002,baron,0.518,0.018000000000000016,False
timely_equal_tcn,capped_empirical,30,0.75,americas,20260930,baron,0.7886666666666666,0.03866666666666663,False
timely_equal_tcn,capped_empirical,30,0.75,americas,20261001,baron,0.7786666666666666,0.028666666666666618,False
timely_equal_tcn,capped_empirical,30,0.75,americas,20261002,baron,0.7733333333333333,0.023333333333333317,False
timely_equal_tcn,capped_empirical,30,1.0,americas,20260930,baron,1.0146666666666666,0.014666666666666606,True
timely_equal_tcn,capped_empirical,30,1.0,americas,20260930,dragon,1.006,0.006000000000000005,True
timely_equal_tcn,capped_empirical,30,1.0,americas,20261001,baron,1.008,0.008000000000000007,True
timely_equal_tcn,capped_empirical,30,1.0,americas,20261002,baron,1.0186666666666666,0.01866666666666661,True
timely_equal_gru,capped_empirical,30,0.25,americas,20261001,baron,0.25133333333333335,0.001333333333333353,False
timely_equal_gru,capped_empirical,30,0.5,americas,20260930,baron,0.5053333333333333,0.005333333333333301,False
timely_equal_gru,capped_empirical,30,1.0,americas,20260930,baron,1.0453333333333332,0.045333333333333226,True
timely_equal_gru,capped_empirical,30,1.0,americas,20261001,baron,1.0133333333333334,0.01333333333333342,True
timely_equal_gru,capped_empirical,30,1.0,americas,20261002,baron,1.01,0.010000000000000009,True
timely_independent,capped_empirical,30,0.25,americas,20261001,dragon,0.256,0.006000000000000005,False
timely_independent,capped_empirical,30,0.5,americas,20260930,dragon,0.514,0.014000000000000012,False
timely_independent,capped_empirical,30,0.5,americas,20260930,teamfight,0.5133333333333333,0.013333333333333308,False
timely_independent,capped_empirical,30,0.5,americas,20261001,dragon,0.5126666666666667,0.012666666666666715,False
timely_independent,capped_empirical,30,0.5,americas,20261002,dragon,0.5026666666666667,0.002666666666666706,False
timely_independent,capped_empirical,30,0.75,americas,20260930,baron,0.752,0.0020000000000000018,False
timely_independent,capped_empirical,30,1.0,americas,20261001,baron,1.036,0.03600000000000003,True
timely_leagueews,capped_empirical,30,0.25,americas,20260930,baron,0.25266666666666665,0.0026666666666666505,False
timely_leagueews,capped_empirical,30,0.25,americas,20260930,dragon,0.2733333333333333,0.023333333333333317,False
timely_leagueews,capped_empirical,30,0.25,americas,20261001,baron,0.25533333333333336,0.005333333333333357,False
timely_leagueews,capped_empirical,30,0.25,americas,20261001,dragon,0.252,0.0020000000000000018,False
timely_leagueews,capped_empirical,30,0.25,americas,20261002,dragon,0.25466666666666665,0.004666666666666652,False
timely_leagueews,capped_empirical,30,0.5,americas,20260930,baron,0.5013333333333333,0.0013333333333332975,False
timely_leagueews,capped_empirical,30,0.5,americas,20261001,baron,0.5233333333333333,0.023333333333333317,False
timely_leagueews,capped_empirical,30,0.5,americas,20261002,baron,0.5086666666666667,0.008666666666666711,False
timely_leagueews,capped_empirical,30,0.75,americas,20260930,baron,0.77,0.020000000000000018,False
timely_leagueews,capped_empirical,30,0.75,americas,20261001,baron,0.7753333333333333,0.02533333333333332,False
timely_leagueews,capped_empirical,30,0.75,americas,20261002,baron,0.7553333333333333,0.005333333333333301,False
timely_leagueews,capped_empirical,30,1.0,americas,20260930,baron,1.0326666666666666,0.03266666666666662,True
timely_leagueews,capped_empirical,30,1.0,americas,20261002,baron,1.0233333333333334,0.023333333333333428,True
timely_equal_sum,capped_sequence,30,0.25,americas,20260930,dragon,0.25933333333333336,0.00933333333333336,False
timely_equal_sum,capped_sequence,30,0.25,americas,20261001,dragon,0.25733333333333336,0.007333333333333358,False
timely_equal_sum,capped_sequence,30,0.25,americas,20261002,dragon,0.25133333333333335,0.001333333333333353,False
timely_equal_sum,capped_sequence,30,0.5,americas,20260930,baron,0.502,0.0020000000000000018,False
timely_equal_sum,capped_sequence,30,0.5,americas,20260930,dragon,0.5133333333333333,0.013333333333333308,False
timely_equal_sum,capped_sequence,30,0.5,americas,20261001,baron,0.5086666666666667,0.008666666666666711,False
timely_equal_sum,capped_sequence,30,0.5,americas,20261002,baron,0.5026666666666667,0.002666666666666706,False
timely_equal_sum,capped_sequence,30,0.75,americas,20260930,baron,0.7573333333333333,0.007333333333333303,False
timely_equal_sum,capped_sequence,30,0.75,americas,20261001,baron,0.766,0.016000000000000014,False
timely_equal_sum,capped_sequence,30,0.75,americas,20261002,baron,0.778,0.028000000000000025,False
timely_equal_sum,capped_sequence,30,1.0,americas,20260930,baron,1.0086666666666666,0.0086666666666666,True
timely_equal_sum,capped_sequence,30,1.0,americas,20261001,baron,1.026,0.026000000000000023,True
timely_equal_sum,capped_sequence,30,1.0,americas,20261002,baron,1.048,0.04800000000000004,True
timely_equal_tcn,capped_sequence,30,0.25,americas,20260930,dragon,0.26466666666666666,0.014666666666666661,False
timely_equal_tcn,capped_sequence,30,0.25,americas,20261001,baron,0.252,0.0020000000000000018,False
timely_equal_tcn,capped_sequence,30,0.25,americas,20261002,baron,0.25066666666666665,0.0006666666666666488,False
timely_equal_tcn,capped_sequence,30,0.5,americas,20260930,baron,0.5046666666666667,0.004666666666666708,False
timely_equal_tcn,capped_sequence,30,0.5,americas,20261001,baron,0.522,0.02200000000000002,False
timely_equal_tcn,capped_sequence,30,0.5,americas,20261002,baron,0.518,0.018000000000000016,False
timely_equal_tcn,capped_sequence,30,0.75,americas,20260930,baron,0.7886666666666666,0.03866666666666663,False
timely_equal_tcn,capped_sequence,30,0.75,americas,20261001,baron,0.7786666666666666,0.028666666666666618,False
timely_equal_tcn,capped_sequence,30,0.75,americas,20261002,baron,0.7733333333333333,0.023333333333333317,False
timely_equal_tcn,capped_sequence,30,1.0,americas,20260930,baron,1.0146666666666666,0.014666666666666606,True
timely_equal_tcn,capped_sequence,30,1.0,americas,20260930,dragon,1.006,0.006000000000000005,True
timely_equal_tcn,capped_sequence,30,1.0,americas,20261001,baron,1.008,0.008000000000000007,True
timely_equal_tcn,capped_sequence,30,1.0,americas,20261002,baron,1.0186666666666666,0.01866666666666661,True
timely_equal_gru,capped_sequence,30,0.25,americas,20261001,baron,0.25133333333333335,0.001333333333333353,False
timely_equal_gru,capped_sequence,30,0.5,americas,20260930,baron,0.5053333333333333,0.005333333333333301,False
timely_equal_gru,capped_sequence,30,1.0,americas,20260930,baron,1.0453333333333332,0.045333333333333226,True
timely_equal_gru,capped_sequence,30,1.0,americas,20261001,baron,1.0133333333333334,0.01333333333333342,True
timely_equal_gru,capped_sequence,30,1.0,americas,20261002,baron,1.01,0.010000000000000009,True
timely_independent,capped_sequence,30,0.25,americas,20261001,dragon,0.256,0.006000000000000005,False
timely_independent,capped_sequence,30,0.5,americas,20260930,dragon,0.514,0.014000000000000012,False
timely_independent,capped_sequence,30,0.5,americas,20260930,teamfight,0.5133333333333333,0.013333333333333308,False
timely_independent,capped_sequence,30,0.5,americas,20261001,dragon,0.5126666666666667,0.012666666666666715,False
timely_independent,capped_sequence,30,0.5,americas,20261002,dragon,0.5026666666666667,0.002666666666666706,False
timely_independent,capped_sequence,30,0.75,americas,20260930,baron,0.752,0.0020000000000000018,False
timely_independent,capped_sequence,30,1.0,americas,20261001,baron,1.036,0.03600000000000003,True
timely_leagueews,capped_sequence,30,0.25,americas,20260930,baron,0.25266666666666665,0.0026666666666666505,False
timely_leagueews,capped_sequence,30,0.25,americas,20260930,dragon,0.2733333333333333,0.023333333333333317,False
timely_leagueews,capped_sequence,30,0.25,americas,20261001,baron,0.25533333333333336,0.005333333333333357,False
timely_leagueews,capped_sequence,30,0.25,americas,20261001,dragon,0.252,0.0020000000000000018,False
timely_leagueews,capped_sequence,30,0.25,americas,20261002,dragon,0.25466666666666665,0.004666666666666652,False
timely_leagueews,capped_sequence,30,0.5,americas,20260930,baron,0.5013333333333333,0.0013333333333332975,False
timely_leagueews,capped_sequence,30,0.5,americas,20261001,baron,0.5233333333333333,0.023333333333333317,False
timely_leagueews,capped_sequence,30,0.5,americas,20261002,baron,0.5086666666666667,0.008666666666666711,False
timely_leagueews,capped_sequence,30,0.75,americas,20260930,baron,0.77,0.020000000000000018,False
timely_leagueews,capped_sequence,30,0.75,americas,20261001,baron,0.7753333333333333,0.02533333333333332,False
timely_leagueews,capped_sequence,30,0.75,americas,20261002,baron,0.7553333333333333,0.005333333333333301,False
timely_leagueews,capped_sequence,30,1.0,americas,20260930,baron,1.0326666666666666,0.03266666666666662,True
timely_leagueews,capped_sequence,30,1.0,americas,20261002,baron,1.0233333333333334,0.023333333333333428,True
timely_equal_sum,uncapped_empirical,60,0.25,americas,20261002,baron,0.2846666666666667,0.03466666666666668,False
timely_equal_sum,uncapped_empirical,60,0.5,americas,20260930,baron,0.5213333333333333,0.021333333333333315,False
timely_equal_sum,uncapped_empirical,60,0.5,americas,20261002,baron,0.516,0.016000000000000014,False
timely_equal_sum,uncapped_empirical,60,0.75,americas,20260930,baron,0.766,0.016000000000000014,False
timely_equal_sum,uncapped_empirical,60,0.75,americas,20261002,baron,0.7846666666666666,0.03466666666666662,False
timely_equal_sum,uncapped_empirical,60,1.0,americas,20260930,baron,1.01,0.010000000000000009,True
timely_equal_sum,uncapped_empirical,60,1.0,americas,20261001,baron,1.028,0.028000000000000025,True
timely_equal_sum,uncapped_empirical,60,1.0,americas,20261002,baron,1.006,0.006000000000000005,True
timely_equal_tcn,uncapped_empirical,60,0.25,americas,20260930,baron,0.26866666666666666,0.018666666666666665,False
timely_equal_tcn,uncapped_empirical,60,0.25,americas,20261002,baron,0.2773333333333333,0.02733333333333332,False
timely_equal_tcn,uncapped_empirical,60,0.5,americas,20260930,baron,0.5166666666666667,0.01666666666666672,False
timely_equal_tcn,uncapped_empirical,60,0.5,americas,20261002,baron,0.5286666666666666,0.028666666666666618,False
timely_equal_tcn,uncapped_empirical,60,0.75,americas,20260930,baron,0.762,0.01200000000000001,False
timely_equal_tcn,uncapped_empirical,60,0.75,americas,20261001,baron,0.7806666666666666,0.03066666666666662,False
timely_equal_tcn,uncapped_empirical,60,0.75,americas,20261002,baron,0.7533333333333333,0.0033333333333332993,False
timely_equal_tcn,uncapped_empirical,60,1.0,americas,20260930,baron,1.0086666666666666,0.0086666666666666,True
timely_equal_tcn,uncapped_empirical,60,1.0,americas,20261001,baron,1.0146666666666666,0.014666666666666606,True
timely_equal_tcn,uncapped_empirical,60,1.0,americas,20261002,baron,1.01,0.010000000000000009,True
timely_equal_gru,uncapped_empirical,60,0.25,americas,20261001,baron,0.252,0.0020000000000000018,False
timely_equal_gru,uncapped_empirical,60,0.25,americas,20261001,teamfight,0.258,0.008000000000000007,False
timely_equal_gru,uncapped_empirical,60,0.5,americas,20260930,baron,0.512,0.01200000000000001,False
timely_equal_gru,uncapped_empirical,60,0.5,americas,20260930,dragon,0.5066666666666667,0.00666666666666671,False
timely_equal_gru,uncapped_empirical,60,0.5,americas,20261001,baron,0.516,0.016000000000000014,False
timely_equal_gru,uncapped_empirical,60,0.5,americas,20261001,dragon,0.5053333333333333,0.005333333333333301,False
timely_equal_gru,uncapped_empirical,60,0.5,americas,20261002,dragon,0.5073333333333333,0.007333333333333303,False
timely_equal_gru,uncapped_empirical,60,0.75,americas,20261001,baron,0.7513333333333333,0.0013333333333332975,False
timely_equal_gru,uncapped_empirical,60,0.75,americas,20261002,baron,0.7533333333333333,0.0033333333333332993,False
timely_equal_gru,uncapped_empirical,60,1.0,americas,20260930,baron,1.0326666666666666,0.03266666666666662,True
timely_equal_gru,uncapped_empirical,60,1.0,americas,20261001,baron,1.0206666666666666,0.02066666666666661,True
timely_independent,uncapped_empirical,60,0.25,americas,20261001,teamfight,0.25133333333333335,0.001333333333333353,False
timely_independent,uncapped_empirical,60,0.25,americas,20261002,baron,0.256,0.006000000000000005,False
timely_independent,uncapped_empirical,60,0.5,americas,20260930,teamfight,0.5106666666666667,0.010666666666666713,False
timely_independent,uncapped_empirical,60,0.75,americas,20260930,teamfight,0.772,0.02200000000000002,False
timely_independent,uncapped_empirical,60,1.0,americas,20260930,baron,1.012,0.01200000000000001,True
timely_independent,uncapped_empirical,60,1.0,americas,20261001,baron,1.0246666666666666,0.024666666666666615,True
timely_leagueews,uncapped_empirical,60,0.25,americas,20261001,baron,0.25666666666666665,0.006666666666666654,False
timely_leagueews,uncapped_empirical,60,0.25,americas,20261002,baron,0.258,0.008000000000000007,False
timely_leagueews,uncapped_empirical,60,0.5,americas,20260930,baron,0.5233333333333333,0.023333333333333317,False
timely_leagueews,uncapped_empirical,60,0.5,americas,20260930,teamfight,0.5013333333333333,0.0013333333333332975,False
timely_leagueews,uncapped_empirical,60,0.5,americas,20261002,baron,0.53,0.030000000000000027,False
timely_leagueews,uncapped_empirical,60,0.75,americas,20260930,baron,0.774,0.02400000000000002,False
timely_leagueews,uncapped_empirical,60,0.75,americas,20260930,teamfight,0.762,0.01200000000000001,False
timely_equal_sum,capped_empirical,60,0.25,americas,20261002,baron,0.2846666666666667,0.03466666666666668,False
timely_equal_sum,capped_empirical,60,0.5,americas,20260930,baron,0.514,0.014000000000000012,False
timely_equal_sum,capped_empirical,60,0.5,americas,20261002,baron,0.5073333333333333,0.007333333333333303,False
timely_equal_sum,capped_empirical,60,0.75,americas,20260930,baron,0.7766666666666666,0.026666666666666616,False
timely_equal_sum,capped_empirical,60,0.75,americas,20261002,baron,0.7633333333333333,0.013333333333333308,False
timely_equal_sum,capped_empirical,60,1.0,americas,20260930,baron,1.026,0.026000000000000023,True
timely_equal_sum,capped_empirical,60,1.0,americas,20261001,baron,1.0326666666666666,0.03266666666666662,True
timely_equal_sum,capped_empirical,60,1.0,americas,20261002,baron,1.022,0.02200000000000002,True
timely_equal_tcn,capped_empirical,60,0.25,americas,20260930,baron,0.26466666666666666,0.014666666666666661,False
timely_equal_tcn,capped_empirical,60,0.25,americas,20261002,baron,0.276,0.026000000000000023,False
timely_equal_tcn,capped_empirical,60,0.5,americas,20260930,baron,0.5073333333333333,0.007333333333333303,False
timely_equal_tcn,capped_empirical,60,0.5,americas,20261002,baron,0.52,0.020000000000000018,False
timely_equal_tcn,capped_empirical,60,0.5,americas,20261002,teamfight,0.5013333333333333,0.0013333333333332975,False
timely_equal_tcn,capped_empirical,60,0.75,americas,20260930,baron,0.7593333333333333,0.009333333333333305,False
timely_equal_tcn,capped_empirical,60,0.75,americas,20261001,baron,0.7566666666666667,0.00666666666666671,False
timely_equal_tcn,capped_empirical,60,0.75,americas,20261002,baron,0.7626666666666667,0.012666666666666715,False
timely_equal_tcn,capped_empirical,60,1.0,americas,20260930,baron,1.016,0.016000000000000014,True
timely_equal_tcn,capped_empirical,60,1.0,americas,20261001,baron,1.0173333333333334,0.017333333333333423,True
timely_equal_gru,capped_empirical,60,0.25,americas,20261001,baron,0.252,0.0020000000000000018,False
timely_equal_gru,capped_empirical,60,0.25,americas,20261001,teamfight,0.258,0.008000000000000007,False
timely_equal_gru,capped_empirical,60,0.5,americas,20260930,baron,0.5066666666666667,0.00666666666666671,False
timely_equal_gru,capped_empirical,60,0.5,americas,20260930,dragon,0.5066666666666667,0.00666666666666671,False
timely_equal_gru,capped_empirical,60,0.5,americas,20261001,baron,0.5126666666666667,0.012666666666666715,False
timely_equal_gru,capped_empirical,60,0.5,americas,20261001,dragon,0.5053333333333333,0.005333333333333301,False
timely_equal_gru,capped_empirical,60,0.5,americas,20261002,dragon,0.5073333333333333,0.007333333333333303,False
timely_equal_gru,capped_empirical,60,0.75,americas,20260930,baron,0.7593333333333333,0.009333333333333305,False
timely_equal_gru,capped_empirical,60,0.75,americas,20260930,teamfight,0.7513333333333333,0.0013333333333332975,False
timely_equal_gru,capped_empirical,60,1.0,americas,20260930,baron,1.034,0.03400000000000003,True
timely_equal_gru,capped_empirical,60,1.0,americas,20261001,baron,1.0286666666666666,0.028666666666666618,True
timely_independent,capped_empirical,60,0.25,americas,20261002,baron,0.256,0.006000000000000005,False
timely_independent,capped_empirical,60,0.5,americas,20261001,teamfight,0.504,0.0040000000000000036,False
timely_independent,capped_empirical,60,1.0,americas,20260930,baron,1.032,0.03200000000000003,True
timely_independent,capped_empirical,60,1.0,americas,20261001,baron,1.0293333333333334,0.029333333333333433,True
timely_leagueews,capped_empirical,60,0.25,americas,20261001,baron,0.25666666666666665,0.006666666666666654,False
timely_leagueews,capped_empirical,60,0.25,americas,20261002,baron,0.258,0.008000000000000007,False
timely_leagueews,capped_empirical,60,0.5,americas,20260930,baron,0.5146666666666667,0.014666666666666717,False
timely_leagueews,capped_empirical,60,0.5,americas,20261001,baron,0.518,0.018000000000000016,False
timely_leagueews,capped_empirical,60,0.5,americas,20261002,baron,0.522,0.02200000000000002,False
timely_leagueews,capped_empirical,60,0.75,americas,20260930,baron,0.7766666666666666,0.026666666666666616,False
timely_leagueews,capped_empirical,60,1.0,americas,20260930,baron,1.018,0.018000000000000016,True
timely_leagueews,capped_empirical,60,1.0,americas,20261001,baron,1.0173333333333334,0.017333333333333423,True
timely_leagueews,capped_empirical,60,1.0,americas,20261002,baron,1.0033333333333334,0.0033333333333334103,True
timely_equal_sum,capped_sequence,60,0.25,americas,20261002,baron,0.2846666666666667,0.03466666666666668,False
timely_equal_sum,capped_sequence,60,0.5,americas,20260930,baron,0.514,0.014000000000000012,False
timely_equal_sum,capped_sequence,60,0.5,americas,20261002,baron,0.5073333333333333,0.007333333333333303,False
timely_equal_sum,capped_sequence,60,0.75,americas,20260930,baron,0.7766666666666666,0.026666666666666616,False
timely_equal_sum,capped_sequence,60,0.75,americas,20261002,baron,0.7633333333333333,0.013333333333333308,False
timely_equal_sum,capped_sequence,60,1.0,americas,20260930,baron,1.026,0.026000000000000023,True
timely_equal_sum,capped_sequence,60,1.0,americas,20261001,baron,1.0326666666666666,0.03266666666666662,True
timely_equal_sum,capped_sequence,60,1.0,americas,20261002,baron,1.022,0.02200000000000002,True
timely_equal_tcn,capped_sequence,60,0.25,americas,20260930,baron,0.26466666666666666,0.014666666666666661,False
timely_equal_tcn,capped_sequence,60,0.25,americas,20261002,baron,0.276,0.026000000000000023,False
timely_equal_tcn,capped_sequence,60,0.5,americas,20260930,baron,0.5073333333333333,0.007333333333333303,False
timely_equal_tcn,capped_sequence,60,0.5,americas,20261002,baron,0.52,0.020000000000000018,False
timely_equal_tcn,capped_sequence,60,0.5,americas,20261002,teamfight,0.5013333333333333,0.0013333333333332975,False
timely_equal_tcn,capped_sequence,60,0.75,americas,20260930,baron,0.7593333333333333,0.009333333333333305,False
timely_equal_tcn,capped_sequence,60,0.75,americas,20261001,baron,0.7566666666666667,0.00666666666666671,False
timely_equal_tcn,capped_sequence,60,0.75,americas,20261002,baron,0.7626666666666667,0.012666666666666715,False
timely_equal_tcn,capped_sequence,60,1.0,americas,20260930,baron,1.016,0.016000000000000014,True
timely_equal_tcn,capped_sequence,60,1.0,americas,20261001,baron,1.0173333333333334,0.017333333333333423,True
timely_equal_gru,capped_sequence,60,0.25,americas,20261001,baron,0.252,0.0020000000000000018,False
timely_equal_gru,capped_sequence,60,0.25,americas,20261001,teamfight,0.258,0.008000000000000007,False
timely_equal_gru,capped_sequence,60,0.5,americas,20260930,baron,0.5066666666666667,0.00666666666666671,False
timely_equal_gru,capped_sequence,60,0.5,americas,20260930,dragon,0.5066666666666667,0.00666666666666671,False
timely_equal_gru,capped_sequence,60,0.5,americas,20261001,baron,0.5126666666666667,0.012666666666666715,False
timely_equal_gru,capped_sequence,60,0.5,americas,20261001,dragon,0.5053333333333333,0.005333333333333301,False
timely_equal_gru,capped_sequence,60,0.5,americas,20261002,dragon,0.5073333333333333,0.007333333333333303,False
timely_equal_gru,capped_sequence,60,0.75,americas,20260930,baron,0.7593333333333333,0.009333333333333305,False
timely_equal_gru,capped_sequence,60,0.75,americas,20260930,teamfight,0.7513333333333333,0.0013333333333332975,False
timely_equal_gru,capped_sequence,60,1.0,americas,20260930,baron,1.034,0.03400000000000003,True
timely_equal_gru,capped_sequence,60,1.0,americas,20261001,baron,1.0286666666666666,0.028666666666666618,True
timely_independent,capped_sequence,60,0.25,americas,20261002,baron,0.256,0.006000000000000005,False
timely_independent,capped_sequence,60,0.5,americas,20261001,teamfight,0.504,0.0040000000000000036,False
timely_independent,capped_sequence,60,1.0,americas,20260930,baron,1.032,0.03200000000000003,True
timely_independent,capped_sequence,60,1.0,americas,20261001,baron,1.0293333333333334,0.029333333333333433,True
timely_leagueews,capped_sequence,60,0.25,americas,20261001,baron,0.25666666666666665,0.006666666666666654,False
timely_leagueews,capped_sequence,60,0.25,americas,20261002,baron,0.258,0.008000000000000007,False
timely_leagueews,capped_sequence,60,0.5,americas,20260930,baron,0.5146666666666667,0.014666666666666717,False
timely_leagueews,capped_sequence,60,0.5,americas,20261001,baron,0.518,0.018000000000000016,False
timely_leagueews,capped_sequence,60,0.5,americas,20261002,baron,0.522,0.02200000000000002,False
timely_leagueews,capped_sequence,60,0.75,americas,20260930,baron,0.7766666666666666,0.026666666666666616,False
timely_leagueews,capped_sequence,60,1.0,americas,20260930,baron,1.018,0.018000000000000016,True
timely_leagueews,capped_sequence,60,1.0,americas,20261001,baron,1.0173333333333334,0.017333333333333423,True
timely_leagueews,capped_sequence,60,1.0,americas,20261002,baron,1.0033333333333334,0.0033333333333334103,True
